{
  "took": 1174,
  "timed_out": false,
  "_shards": {
    "total": 12,
    "successful": 12,
    "failed": 0
  },
  "hits": {
    "total": 34168,
    "max_score": null,
    "hits": [
      {
        "_index": "edata",
        "_type": "OMS_Station",
        "_id": "18691e764f051f0189b0dc3d9e100924d52716a80314e0cd4a8b06c31854ca03",
        "_score": null,
        "_source": {
          "地区": "四川",
          "挂牌标志": 0,
          "OMS变电站名": "500kV石板箐变电站",
          "状态": "2",
          "告警抑制": 0,
          "告警确认状态": 4,
          "testfieid": null,
          "STATUS": 2,
          "信号数值": "420.00(100.07%)",
          "信息类型": "越限",
          "信号ID": 115404870055364130,
          "ID": "yc3612420160625四川",
          "遥测值": 420.28,
          "内容": "2016-06-25 23:59:30      西南.石板箐 四川.石板箐/400V.II母线 线电压 420.28 越上限1 420.00 (100.07%)",
          "变电站ID_EMS": 113997366322790510,
          "实际值": 420.2939999999999,
          "间隔ID": 114278841299505490,
          "电压等级": "500kV",
          "挂牌标志名": "0",
          "设备表ID": 410,
          "系统表号": 410,
          "testfield": null,
          "CUSTOMIZED_GROUP": 3,
          "设备ID": 115404741206345250,
          "发生时间": 1466899170000,
          "源ID": 115404741206345250,
          "电压类型ID号": 112871465677750320,
          "量测类型": 0,
          "动作": "越上限1",
          "限值": 420
        },
        "sort": [
          1466899170000
        ]
      },
      {
        "_index": "edata",
        "_type": "OMS_Station",
        "_id": "ee1cfff09d3f7adbd11610e81c28115df34091c447dbf53b9dd01bc792346c21",
        "_score": null,
        "_source": {
          "地区": "四川",
          "挂牌标志": 0,
          "OMS变电站名": "500kV平武变电站",
          "状态": "3",
          "告警抑制": 0,
          "告警确认状态": 4,
          "testfieid": null,
          "STATUS": 3,
          "信号数值": "526.00(99.91%)",
          "信息类型": "越限",
          "信号ID": 115404870055363970,
          "ID": "yc3610020160625四川",
          "遥测值": 525.55005,
          "内容": "2016-06-25 23:58:40      四川.平武 四川.平武/500kV.虚拟母线 线电压 525.55 越下限1 526.00 ( 99.91%)",
          "变电站ID_EMS": 113997366322791460,
          "实际值": 525.5265999999999,
          "间隔ID": 0,
          "电压等级": "500kV",
          "挂牌标志名": "0",
          "设备表ID": 410,
          "系统表号": 410,
          "testfield": true,
          "CUSTOMIZED_GROUP": 3,
          "设备ID": 115404741206345090,
          "发生时间": 1466899120000,
          "源ID": 115404741206345090,
          "电压类型ID号": 112871465677750270,
          "量测类型": 0,
          "动作": "越下限1",
          "限值": 526
        },
        "sort": [
          1466899120000
        ]
      },
      {
        "_index": "edata",
        "_type": "OMS_Station",
        "_id": "de04ca06a7882ae6c8d9a7e33dbdfd4bf5b81c8a3271ef6aebbc8dc1651e3cef",
        "_score": null,
        "_source": {
          "地区": "四川",
          "挂牌标志": 0,
          "OMS变电站名": "500kV石板箐变电站",
          "状态": "2",
          "告警抑制": 0,
          "告警确认状态": 4,
          "testfieid": null,
          "STATUS": 2,
          "信号数值": "420.00(100.02%)",
          "信息类型": "越限",
          "信号ID": 115404870055364130,
          "ID": "yc3608020160625四川",
          "遥测值": 420.08,
          "内容": "2016-06-25 23:58:00      西南.石板箐 四川.石板箐/400V.II母线 线电压 420.08 越上限1 420.00 (100.02%)",
          "变电站ID_EMS": 113997366322790510,
          "实际值": 420.084,
          "间隔ID": 114278841299505490,
          "电压等级": "500kV",
          "挂牌标志名": "0",
          "设备表ID": 410,
          "系统表号": 410,
          "testfield": true,
          "CUSTOMIZED_GROUP": 3,
          "设备ID": 115404741206345250,
          "发生时间": 1466899080000,
          "源ID": 115404741206345250,
          "电压类型ID号": 112871465677750320,
          "量测类型": 0,
          "动作": "越上限1",
          "限值": 420
        },
        "sort": [
          1466899080000
        ]
      },
      {
        "_index": "edata",
        "_type": "OMS_Station",
        "_id": "b7cfd61c6e03528f5121b6da2bc3a7adb8e37b1012d01a463528a141f5b069b4",
        "_score": null,
        "_source": {
          "地区": "四川",
          "挂牌标志": 0,
          "OMS变电站名": "500kV洪沟变电站",
          "状态": "2",
          "告警抑制": 0,
          "告警确认状态": 4,
          "testfieid": null,
          "STATUS": 2,
          "信号数值": "232.00(100.02%)",
          "信息类型": "越限",
          "信号ID": 115404870055363060,
          "ID": "yc3585120160625四川",
          "遥测值": 232.05432,
          "内容": "2016-06-25 23:51:50      西南.洪沟 四川.洪沟/220kV.III母线 线电压 232.05 越上限1 232.00 (100.02%)",
          "变电站ID_EMS": 113997366322790450,
          "实际值": 232.0464,
          "间隔ID": 114278841299502340,
          "电压等级": "500kV",
          "挂牌标志名": "0",
          "设备表ID": 410,
          "系统表号": 410,
          "testfield": true,
          "CUSTOMIZED_GROUP": 3,
          "设备ID": 115404741206344180,
          "发生时间": 1466898710000,
          "源ID": 115404741206344180,
          "电压类型ID号": 112871465677750270,
          "量测类型": 0,
          "动作": "越上限1",
          "限值": 232
        },
        "sort": [
          1466898710000
        ]
      },
      {
        "_index": "edata",
        "_type": "OMS_Station",
        "_id": "fcdeeb99e936682c6dbeea5ad1c8149e4022735f1036c3afaefabf0aae8d6a73",
        "_score": null,
        "_source": {
          "地区": "四川",
          "挂牌标志": 0,
          "OMS变电站名": "500kV石板箐变电站",
          "状态": "2",
          "告警抑制": 0,
          "告警确认状态": 4,
          "testfieid": null,
          "STATUS": 2,
          "信号数值": "420.00(100.09%)",
          "信息类型": "越限",
          "信号ID": 115404870055364130,
          "ID": "yc3579120160625四川",
          "遥测值": 420.36,
          "内容": "2016-06-25 23:50:40      西南.石板箐 四川.石板箐/400V.II母线 线电压 420.36 越上限1 420.00 (100.09%)",
          "变电站ID_EMS": 113997366322790510,
          "实际值": 420.37800000000004,
          "间隔ID": 114278841299505490,
          "电压等级": "500kV",
          "挂牌标志名": "0",
          "设备表ID": 410,
          "系统表号": 410,
          "testfield": null,
          "CUSTOMIZED_GROUP": 3,
          "设备ID": 115404741206345250,
          "发生时间": 1466898640000,
          "源ID": 115404741206345250,
          "电压类型ID号": 112871465677750320,
          "量测类型": 0,
          "动作": "越上限1",
          "限值": 420
        },
        "sort": [
          1466898640000
        ]
      },
      {
        "_index": "edata",
        "_type": "OMS_Station",
        "_id": "56aea31c3425cdb9453527c882de40bcd360535bc25f449e8dd20f0c0ad07512",
        "_score": null,
        "_source": {
          "地区": "四川",
          "挂牌标志": 0,
          "OMS变电站名": "500kV平武变电站",
          "状态": "3",
          "告警抑制": 0,
          "告警确认状态": 4,
          "testfieid": null,
          "STATUS": 3,
          "信号数值": "526.00(99.96%)",
          "信息类型": "越限",
          "信号ID": 115404870055363970,
          "ID": "yc3578020160625四川",
          "遥测值": 525.80005,
          "内容": "2016-06-25 23:50:30      四川.平武 四川.平武/500kV.虚拟母线 线电压 525.80 越下限1 526.00 ( 99.96%)",
          "变电站ID_EMS": 113997366322791460,
          "实际值": 525.7896,
          "间隔ID": 0,
          "电压等级": "500kV",
          "挂牌标志名": "0",
          "设备表ID": 410,
          "系统表号": 410,
          "testfield": true,
          "CUSTOMIZED_GROUP": 3,
          "设备ID": 115404741206345090,
          "发生时间": 1466898630000,
          "源ID": 115404741206345090,
          "电压类型ID号": 112871465677750270,
          "量测类型": 0,
          "动作": "越下限1",
          "限值": 526
        },
        "sort": [
          1466898630000
        ]
      },
      {
        "_index": "edata",
        "_type": "OMS_Station",
        "_id": "7d88d97d6ca70f5efe0c0620c765485312059adaa878f6ff16c0ab43a45ce248",
        "_score": null,
        "_source": {
          "地区": "四川",
          "挂牌标志": 0,
          "OMS变电站名": "500kV石板箐变电站",
          "状态": "2",
          "告警抑制": 0,
          "告警确认状态": 4,
          "testfieid": null,
          "STATUS": 2,
          "信号数值": "420.00(100.01%)",
          "信息类型": "越限",
          "信号ID": 115404870055364130,
          "ID": "yc3564920160625四川",
          "遥测值": 420.03998,
          "内容": "2016-06-25 23:46:30      西南.石板箐 四川.石板箐/400V.II母线 线电压 420.04 越上限1 420.00 (100.01%)",
          "变电站ID_EMS": 113997366322790510,
          "实际值": 420.04200000000003,
          "间隔ID": 114278841299505490,
          "电压等级": "500kV",
          "挂牌标志名": "0",
          "设备表ID": 410,
          "系统表号": 410,
          "testfield": true,
          "CUSTOMIZED_GROUP": 3,
          "设备ID": 115404741206345250,
          "发生时间": 1466898390000,
          "源ID": 115404741206345250,
          "电压类型ID号": 112871465677750320,
          "量测类型": 0,
          "动作": "越上限1",
          "限值": 420
        },
        "sort": [
          1466898390000
        ]
      },
      {
        "_index": "edata",
        "_type": "OMS_Station",
        "_id": "07f9e88d8ed3a93fd6c1222a6b17fd7cc87f2f7699efad8ab0c8297d7dc07eba",
        "_score": null,
        "_source": {
          "地区": "四川",
          "挂牌标志": 0,
          "OMS变电站名": "500kV石板箐变电站",
          "状态": "2",
          "告警抑制": 0,
          "告警确认状态": 4,
          "testfieid": null,
          "STATUS": 2,
          "信号数值": "420.00(100.08%)",
          "信息类型": "越限",
          "信号ID": 115404870055364130,
          "ID": "yc3558820160625四川",
          "遥测值": 420.31998,
          "内容": "2016-06-25 23:45:25      西南.石板箐 四川.石板箐/400V.II母线 线电压 420.32 越上限1 420.00 (100.08%)",
          "变电站ID_EMS": 113997366322790510,
          "实际值": 420.336,
          "间隔ID": 114278841299505490,
          "电压等级": "500kV",
          "挂牌标志名": "0",
          "设备表ID": 410,
          "系统表号": 410,
          "testfield": true,
          "CUSTOMIZED_GROUP": 3,
          "设备ID": 115404741206345250,
          "发生时间": 1466898325000,
          "源ID": 115404741206345250,
          "电压类型ID号": 112871465677750320,
          "量测类型": 0,
          "动作": "越上限1",
          "限值": 420
        },
        "sort": [
          1466898325000
        ]
      },
      {
        "_index": "edata",
        "_type": "OMS_Station",
        "_id": "d79acfd5ec77eb33b98157ff443e1a48f74be1e77c4223e123c3886891ca4e4f",
        "_score": null,
        "_source": {
          "地区": "四川",
          "挂牌标志": 0,
          "OMS变电站名": "500kV石板箐变电站",
          "状态": "2",
          "告警抑制": 0,
          "告警确认状态": 4,
          "testfieid": null,
          "STATUS": 2,
          "信号数值": "420.00(100.10%)",
          "信息类型": "越限",
          "信号ID": 115404870055364130,
          "ID": "yc3555220160625四川",
          "遥测值": 420.4,
          "内容": "2016-06-25 23:44:25      西南.石板箐 四川.石板箐/400V.II母线 线电压 420.40 越上限1 420.00 (100.10%)",
          "变电站ID_EMS": 113997366322790510,
          "实际值": 420.42,
          "间隔ID": 114278841299505490,
          "电压等级": "500kV",
          "挂牌标志名": "0",
          "设备表ID": 410,
          "系统表号": 410,
          "testfield": null,
          "CUSTOMIZED_GROUP": 3,
          "设备ID": 115404741206345250,
          "发生时间": 1466898265000,
          "源ID": 115404741206345250,
          "电压类型ID号": 112871465677750320,
          "量测类型": 0,
          "动作": "越上限1",
          "限值": 420
        },
        "sort": [
          1466898265000
        ]
      },
      {
        "_index": "edata",
        "_type": "OMS_Station",
        "_id": "214f6ca920c8f8b5465f9e20790e0a322de378c166d4fe691fa8f981d9a45df4",
        "_score": null,
        "_source": {
          "地区": "四川",
          "挂牌标志": 0,
          "OMS变电站名": "500kV南天变电站",
          "状态": "3",
          "告警抑制": 0,
          "告警确认状态": 4,
          "testfieid": null,
          "STATUS": 3,
          "信号数值": "360.00(99.95%)",
          "信息类型": "越限",
          "信号ID": 115404870055364080,
          "ID": "yc3543620160625四川",
          "遥测值": 359.8125,
          "内容": "2016-06-25 23:42:15      国调.南天 四川.南天/400V.II母线 线电压 359.81 越下限1 360.00 ( 99.95%)",
          "变电站ID_EMS": 113997366322790500,
          "实际值": 359.82,
          "间隔ID": 114278841299501420,
          "电压等级": "500kV",
          "挂牌标志名": "0",
          "设备表ID": 410,
          "系统表号": 410,
          "testfield": true,
          "CUSTOMIZED_GROUP": 3,
          "设备ID": 115404741206345200,
          "发生时间": 1466898135000,
          "源ID": 115404741206345200,
          "电压类型ID号": 112871465677750320,
          "量测类型": 0,
          "动作": "越下限1",
          "限值": 360
        },
        "sort": [
          1466898135000
        ]
      },
      {
        "_index": "edata",
        "_type": "OMS_Station",
        "_id": "45fbd15fdc6af574a9fb8b29271dabaa36eeb04d268c7da753c6d4397a4894ba",
        "_score": null,
        "_source": {
          "地区": "四川",
          "挂牌标志": 0,
          "OMS变电站名": "500kV南天变电站",
          "状态": "3",
          "告警抑制": 0,
          "告警确认状态": 4,
          "testfieid": null,
          "STATUS": 3,
          "信号数值": "360.00(99.95%)",
          "信息类型": "越限",
          "信号ID": 115404870055364080,
          "ID": "yc3542520160625四川",
          "遥测值": 359.8125,
          "内容": "2016-06-25 23:41:50      国调.南天 四川.南天/400V.II母线 线电压 359.81 越下限1 360.00 ( 99.95%)",
          "变电站ID_EMS": 113997366322790500,
          "实际值": 359.82,
          "间隔ID": 114278841299501420,
          "电压等级": "500kV",
          "挂牌标志名": "0",
          "设备表ID": 410,
          "系统表号": 410,
          "testfield": null,
          "CUSTOMIZED_GROUP": 3,
          "设备ID": 115404741206345200,
          "发生时间": 1466898110000,
          "源ID": 115404741206345200,
          "电压类型ID号": 112871465677750320,
          "量测类型": 0,
          "动作": "越下限1",
          "限值": 360
        },
        "sort": [
          1466898110000
        ]
      },
      {
        "_index": "edata",
        "_type": "OMS_Station",
        "_id": "363596dfb357bf86dd55dc9429850106504f90ce0a5acf3a790ec7417e9e38e5",
        "_score": null,
        "_source": {
          "地区": "四川",
          "挂牌标志": 0,
          "OMS变电站名": "500kV昭化变电站",
          "状态": "2",
          "告警抑制": 0,
          "告警确认状态": 4,
          "testfieid": null,
          "STATUS": 2,
          "信号数值": "234.00(100.04%)",
          "信息类型": "越限",
          "信号ID": 115404870055363220,
          "ID": "yc3539520160625四川",
          "遥测值": 234.10083,
          "内容": "2016-06-25 23:39:55      四川.昭化 四川.昭化/220kV.I母线 线电压 234.10 越上限1 234.00 (100.04%)",
          "变电站ID_EMS": 113997366322790640,
          "实际值": 234.0936,
          "间隔ID": 114278841299504780,
          "电压等级": "500kV",
          "挂牌标志名": "0",
          "设备表ID": 410,
          "系统表号": 410,
          "testfield": null,
          "CUSTOMIZED_GROUP": 3,
          "设备ID": 115404741206344340,
          "发生时间": 1466897995000,
          "源ID": 115404741206344340,
          "电压类型ID号": 112871465677750270,
          "量测类型": 0,
          "动作": "越上限1",
          "限值": 234
        },
        "sort": [
          1466897995000
        ]
      },
      {
        "_index": "edata",
        "_type": "OMS_Station",
        "_id": "0c880d572d65065a6b28ce80dead2443e474b0b2cb004895f2760eb2d8a1ad92",
        "_score": null,
        "_source": {
          "地区": "四川",
          "挂牌标志": 0,
          "OMS变电站名": "500kV石板箐变电站",
          "状态": "2",
          "告警抑制": 0,
          "告警确认状态": 4,
          "testfieid": null,
          "STATUS": 2,
          "信号数值": "420.00(100.09%)",
          "信息类型": "越限",
          "信号ID": 115404870055364130,
          "ID": "yc3536620160625四川",
          "遥测值": 420.36,
          "内容": "2016-06-25 23:38:40      西南.石板箐 四川.石板箐/400V.II母线 线电压 420.36 越上限1 420.00 (100.09%)",
          "变电站ID_EMS": 113997366322790510,
          "实际值": 420.37800000000004,
          "间隔ID": 114278841299505490,
          "电压等级": "500kV",
          "挂牌标志名": "0",
          "设备表ID": 410,
          "系统表号": 410,
          "testfield": true,
          "CUSTOMIZED_GROUP": 3,
          "设备ID": 115404741206345250,
          "发生时间": 1466897920000,
          "源ID": 115404741206345250,
          "电压类型ID号": 112871465677750320,
          "量测类型": 0,
          "动作": "越上限1",
          "限值": 420
        },
        "sort": [
          1466897920000
        ]
      },
      {
        "_index": "edata",
        "_type": "OMS_Station",
        "_id": "aed4b52f68a61eb6658c4859740fc11297769ad6b9d1c70d379abc5d1bd7a816",
        "_score": null,
        "_source": {
          "地区": "四川",
          "挂牌标志": 0,
          "OMS变电站名": "500kV昭化变电站",
          "状态": "2",
          "告警抑制": 0,
          "告警确认状态": 4,
          "testfieid": null,
          "STATUS": 2,
          "信号数值": "234.00(100.04%)",
          "信息类型": "越限",
          "信号ID": 115404870055363220,
          "ID": "yc3535720160625四川",
          "遥测值": 234.10083,
          "内容": "2016-06-25 23:38:20      四川.昭化 四川.昭化/220kV.I母线 线电压 234.10 越上限1 234.00 (100.04%)",
          "变电站ID_EMS": 113997366322790640,
          "实际值": 234.0936,
          "间隔ID": 114278841299504780,
          "电压等级": "500kV",
          "挂牌标志名": "0",
          "设备表ID": 410,
          "系统表号": 410,
          "testfield": true,
          "CUSTOMIZED_GROUP": 3,
          "设备ID": 115404741206344340,
          "发生时间": 1466897900000,
          "源ID": 115404741206344340,
          "电压类型ID号": 112871465677750270,
          "量测类型": 0,
          "动作": "越上限1",
          "限值": 234
        },
        "sort": [
          1466897900000
        ]
      },
      {
        "_index": "edata",
        "_type": "OMS_Station",
        "_id": "34adc090bad841b2fb2b35b1d03667d2d7dd89e76cb3bed04bf5ec0430aef073",
        "_score": null,
        "_source": {
          "地区": "四川",
          "挂牌标志": 0,
          "OMS变电站名": "500kV石板箐变电站",
          "状态": "2",
          "告警抑制": 0,
          "告警确认状态": 4,
          "testfieid": null,
          "STATUS": 2,
          "信号数值": "420.00(100.06%)",
          "信息类型": "越限",
          "信号ID": 115404870055364130,
          "ID": "yc3526820160625四川",
          "遥测值": 420.24,
          "内容": "2016-06-25 23:35:06      西南.石板箐 四川.石板箐/400V.II母线 线电压 420.24 越上限1 420.00 (100.06%)",
          "变电站ID_EMS": 113997366322790510,
          "实际值": 420.25200000000007,
          "间隔ID": 114278841299505490,
          "电压等级": "500kV",
          "挂牌标志名": "0",
          "设备表ID": 410,
          "系统表号": 410,
          "testfield": true,
          "CUSTOMIZED_GROUP": 3,
          "设备ID": 115404741206345250,
          "发生时间": 1466897706000,
          "源ID": 115404741206345250,
          "电压类型ID号": 112871465677750320,
          "量测类型": 0,
          "动作": "越上限1",
          "限值": 420
        },
        "sort": [
          1466897706000
        ]
      },
      {
        "_index": "edata",
        "_type": "OMS_Station",
        "_id": "895120851e4cb15975a8b981ed688e57eff6f96bd8c5fcce80bcdbb80a2ca06c",
        "_score": null,
        "_source": {
          "地区": "四川",
          "挂牌标志": 0,
          "OMS变电站名": "500kV昭化变电站",
          "状态": "2",
          "告警抑制": 0,
          "告警确认状态": 4,
          "testfieid": null,
          "STATUS": 2,
          "信号数值": "234.00(100.13%)",
          "信息类型": "越限",
          "信号ID": 115404870055363220,
          "ID": "yc3517120160625四川",
          "遥测值": 234.29419,
          "内容": "2016-06-25 23:30:55      四川.昭化 四川.昭化/220kV.I母线 线电压 234.29 越上限1 234.00 (100.13%)",
          "变电站ID_EMS": 113997366322790640,
          "实际值": 234.30419999999998,
          "间隔ID": 114278841299504780,
          "电压等级": "500kV",
          "挂牌标志名": "0",
          "设备表ID": 410,
          "系统表号": 410,
          "testfield": null,
          "CUSTOMIZED_GROUP": 3,
          "设备ID": 115404741206344340,
          "发生时间": 1466897455000,
          "源ID": 115404741206344340,
          "电压类型ID号": 112871465677750270,
          "量测类型": 0,
          "动作": "越上限1",
          "限值": 234
        },
        "sort": [
          1466897455000
        ]
      },
      {
        "_index": "edata",
        "_type": "OMS_Station",
        "_id": "d11ab45165daa42d4197c8f1c773967744563d88563c7922c3a09f843f852ac5",
        "_score": null,
        "_source": {
          "地区": "四川",
          "挂牌标志": 0,
          "OMS变电站名": "500kV石板箐变电站",
          "状态": "2",
          "告警抑制": 0,
          "告警确认状态": 4,
          "testfieid": null,
          "STATUS": 2,
          "信号数值": "420.00(100.02%)",
          "信息类型": "越限",
          "信号ID": 115404870055364130,
          "ID": "yc3513320160625四川",
          "遥测值": 420.08,
          "内容": "2016-06-25 23:28:45      西南.石板箐 四川.石板箐/400V.II母线 线电压 420.08 越上限1 420.00 (100.02%)",
          "变电站ID_EMS": 113997366322790510,
          "实际值": 420.084,
          "间隔ID": 114278841299505490,
          "电压等级": "500kV",
          "挂牌标志名": "0",
          "设备表ID": 410,
          "系统表号": 410,
          "testfield": null,
          "CUSTOMIZED_GROUP": 3,
          "设备ID": 115404741206345250,
          "发生时间": 1466897325000,
          "源ID": 115404741206345250,
          "电压类型ID号": 112871465677750320,
          "量测类型": 0,
          "动作": "越上限1",
          "限值": 420
        },
        "sort": [
          1466897325000
        ]
      },
      {
        "_index": "edata",
        "_type": "OMS_Station",
        "_id": "671fd2d2d40c7fdbbe2a5348a0904b89add04d207c91780425dc66a94a764691",
        "_score": null,
        "_source": {
          "地区": "四川",
          "挂牌标志": 0,
          "OMS变电站名": "500kV昭化变电站",
          "状态": "2",
          "告警抑制": 0,
          "告警确认状态": 4,
          "testfieid": null,
          "STATUS": 2,
          "信号数值": "234.00(100.07%)",
          "信息类型": "越限",
          "信号ID": 115404870055363220,
          "ID": "yc3510820160625四川",
          "遥测值": 234.16528,
          "内容": "2016-06-25 23:27:20      四川.昭化 四川.昭化/220kV.I母线 线电压 234.17 越上限1 234.00 (100.07%)",
          "变电站ID_EMS": 113997366322790640,
          "实际值": 234.16379999999998,
          "间隔ID": 114278841299504780,
          "电压等级": "500kV",
          "挂牌标志名": "0",
          "设备表ID": 410,
          "系统表号": 410,
          "testfield": null,
          "CUSTOMIZED_GROUP": 3,
          "设备ID": 115404741206344340,
          "发生时间": 1466897240000,
          "源ID": 115404741206344340,
          "电压类型ID号": 112871465677750270,
          "量测类型": 0,
          "动作": "越上限1",
          "限值": 234
        },
        "sort": [
          1466897240000
        ]
      },
      {
        "_index": "edata",
        "_type": "OMS_Station",
        "_id": "a51cf7925f1b95b5169987aecb92adf75397565c53189e74ca339e6a6348c84b",
        "_score": null,
        "_source": {
          "地区": "四川",
          "挂牌标志": 0,
          "OMS变电站名": "500kV昭化变电站",
          "状态": "2",
          "告警抑制": 0,
          "告警确认状态": 4,
          "testfieid": null,
          "STATUS": 2,
          "信号数值": "234.00(100.02%)",
          "信息类型": "越限",
          "信号ID": 115404870055363220,
          "ID": "yc3508020160625四川",
          "遥测值": 234.03638,
          "内容": "2016-06-25 23:26:05      四川.昭化 四川.昭化/220kV.I母线 线电压 234.04 越上限1 234.00 (100.02%)",
          "变电站ID_EMS": 113997366322790640,
          "实际值": 234.04680000000002,
          "间隔ID": 114278841299504780,
          "电压等级": "500kV",
          "挂牌标志名": "0",
          "设备表ID": 410,
          "系统表号": 410,
          "testfield": null,
          "CUSTOMIZED_GROUP": 3,
          "设备ID": 115404741206344340,
          "发生时间": 1466897165000,
          "源ID": 115404741206344340,
          "电压类型ID号": 112871465677750270,
          "量测类型": 0,
          "动作": "越上限1",
          "限值": 234
        },
        "sort": [
          1466897165000
        ]
      },
      {
        "_index": "edata",
        "_type": "OMS_Station",
        "_id": "ff06e705f1e465d47b77b3c46cfd36b00ab08c5651e3cbcd802e2a4f63da566c",
        "_score": null,
        "_source": {
          "地区": "四川",
          "挂牌标志": 0,
          "OMS变电站名": "500kV昭化变电站",
          "状态": "2",
          "告警抑制": 0,
          "告警确认状态": 4,
          "testfieid": null,
          "STATUS": 2,
          "信号数值": "234.00(100.04%)",
          "信息类型": "越限",
          "信号ID": 115404870055363220,
          "ID": "yc3505820160625四川",
          "遥测值": 234.10083,
          "内容": "2016-06-25 23:25:10      四川.昭化 四川.昭化/220kV.I母线 线电压 234.10 越上限1 234.00 (100.04%)",
          "变电站ID_EMS": 113997366322790640,
          "实际值": 234.0936,
          "间隔ID": 114278841299504780,
          "电压等级": "500kV",
          "挂牌标志名": "0",
          "设备表ID": 410,
          "系统表号": 410,
          "testfield": true,
          "CUSTOMIZED_GROUP": 3,
          "设备ID": 115404741206344340,
          "发生时间": 1466897110000,
          "源ID": 115404741206344340,
          "电压类型ID号": 112871465677750270,
          "量测类型": 0,
          "动作": "越上限1",
          "限值": 234
        },
        "sort": [
          1466897110000
        ]
      }
    ]
  }
}