{
  "took": 56,
  "timed_out": false,
  "_shards": {
    "total": 12,
    "successful": 12,
    "failed": 0
  },
  "hits": {
    "total": 10454,
    "max_score": 0,
    "hits": []
  },
  "aggregations": {
    "电压等级": {
      "doc_count_error_upper_bound": 0,
      "sum_other_doc_count": 0,
      "buckets": [
        {
          "key": "35kv",
          "doc_count": 3988,
          "地区": {
            "doc_count_error_upper_bound": 0,
            "sum_other_doc_count": 0,
            "buckets": [
              {
                "key": "巴中",
                "doc_count": 1799,
                "OMS变电站名": {
                  "doc_count_error_upper_bound": 0,
                  "sum_other_doc_count": 0,
                  "buckets": [
                    {
                      "key": "35kV南龛变电站",
                      "doc_count": 1692
                    },
                    {
                      "key": "35kV顶山变电站",
                      "doc_count": 96
                    },
                    {
                      "key": "35kV城西变电站",
                      "doc_count": 8
                    },
                    {
                      "key": "35kV花丛变电站",
                      "doc_count": 3
                    }
                  ]
                }
              },
              {
                "key": "成都",
                "doc_count": 1532,
                "OMS变电站名": {
                  "doc_count_error_upper_bound": 0,
                  "sum_other_doc_count": 0,
                  "buckets": [
                    {
                      "key": "35kV庆兴变电站",
                      "doc_count": 755
                    },
                    {
                      "key": "35kV太平变电站",
                      "doc_count": 272
                    },
                    {
                      "key": "35kV永安变电站",
                      "doc_count": 200
                    },
                    {
                      "key": "35kV茶店变电站",
                      "doc_count": 87
                    },
                    {
                      "key": "35kV金桥变电站",
                      "doc_count": 72
                    },
                    {
                      "key": "35kV西河变电站",
                      "doc_count": 33
                    },
                    {
                      "key": "35kV高埂变电站",
                      "doc_count": 28
                    },
                    {
                      "key": "35kV文安变电站",
                      "doc_count": 17
                    },
                    {
                      "key": "35kV白沙变电站",
                      "doc_count": 11
                    },
                    {
                      "key": "35kV川溪口变电站",
                      "doc_count": 7
                    },
                    {
                      "key": "35kV兴隆变电站（双流）",
                      "doc_count": 6
                    },
                    {
                      "key": "35kV水口变电站",
                      "doc_count": 6
                    },
                    {
                      "key": "35kV天华变电站",
                      "doc_count": 5
                    },
                    {
                      "key": "35kV三江变电站",
                      "doc_count": 4
                    },
                    {
                      "key": "35kV九尺变电站",
                      "doc_count": 4
                    },
                    {
                      "key": "35kV唐家寺变电站",
                      "doc_count": 4
                    },
                    {
                      "key": "35kV固驿变电站",
                      "doc_count": 4
                    },
                    {
                      "key": "35kV河屯变电站",
                      "doc_count": 3
                    },
                    {
                      "key": "35kV青白江子变电站",
                      "doc_count": 3
                    },
                    {
                      "key": "35kV黄土变电站",
                      "doc_count": 3
                    },
                    {
                      "key": "35kV三星变电站",
                      "doc_count": 2
                    },
                    {
                      "key": "35kV红花变电站",
                      "doc_count": 2
                    },
                    {
                      "key": "35kV城厢变电站",
                      "doc_count": 1
                    },
                    {
                      "key": "35kV煎茶变电站",
                      "doc_count": 1
                    },
                    {
                      "key": "35kV石牛变电站",
                      "doc_count": 1
                    },
                    {
                      "key": "35kV龙虎变电站",
                      "doc_count": 1
                    }
                  ]
                }
              },
              {
                "key": "内江",
                "doc_count": 228,
                "OMS变电站名": {
                  "doc_count_error_upper_bound": 0,
                  "sum_other_doc_count": 0,
                  "buckets": [
                    {
                      "key": "35kV谷田变电站",
                      "doc_count": 126
                    },
                    {
                      "key": "35kV小河变电站",
                      "doc_count": 36
                    },
                    {
                      "key": "35kV越溪变电站",
                      "doc_count": 29
                    },
                    {
                      "key": "35kV石子变电站",
                      "doc_count": 17
                    },
                    {
                      "key": "35kV圣灯变电站",
                      "doc_count": 9
                    },
                    {
                      "key": "35kV镇西变电站",
                      "doc_count": 5
                    },
                    {
                      "key": "35kV界市变电站",
                      "doc_count": 4
                    },
                    {
                      "key": "35kV万里坡变电站",
                      "doc_count": 2
                    }
                  ]
                }
              },
              {
                "key": "绵阳",
                "doc_count": 166,
                "OMS变电站名": {
                  "doc_count_error_upper_bound": 0,
                  "sum_other_doc_count": 0,
                  "buckets": [
                    {
                      "key": "35kV文胜变电站",
                      "doc_count": 140
                    },
                    {
                      "key": "35kV黎雅变电站",
                      "doc_count": 12
                    },
                    {
                      "key": "35kV塔水变电站",
                      "doc_count": 8
                    },
                    {
                      "key": "35kV青义变电站",
                      "doc_count": 2
                    },
                    {
                      "key": "35kV新安变电站",
                      "doc_count": 1
                    },
                    {
                      "key": "35kV新桥变电站",
                      "doc_count": 1
                    },
                    {
                      "key": "35kV沉抗变电站",
                      "doc_count": 1
                    },
                    {
                      "key": "35kV自强变电站",
                      "doc_count": 1
                    }
                  ]
                }
              },
              {
                "key": "乐山",
                "doc_count": 154,
                "OMS变电站名": {
                  "doc_count_error_upper_bound": 0,
                  "sum_other_doc_count": 0,
                  "buckets": [
                    {
                      "key": "35kV永兴变电站",
                      "doc_count": 125
                    },
                    {
                      "key": "35kV观山变电站",
                      "doc_count": 29
                    }
                  ]
                }
              },
              {
                "key": "眉山",
                "doc_count": 38,
                "OMS变电站名": {
                  "doc_count_error_upper_bound": 0,
                  "sum_other_doc_count": 0,
                  "buckets": [
                    {
                      "key": "35kV五里山变电站",
                      "doc_count": 9
                    },
                    {
                      "key": "35kV黑龙变电站",
                      "doc_count": 8
                    },
                    {
                      "key": "35kV永寿变电站",
                      "doc_count": 6
                    },
                    {
                      "key": "35kV满井变电站",
                      "doc_count": 4
                    },
                    {
                      "key": "35kV广济变电站",
                      "doc_count": 3
                    },
                    {
                      "key": "35kV杨柳变电站",
                      "doc_count": 3
                    },
                    {
                      "key": "35kV咸安变电站",
                      "doc_count": 2
                    },
                    {
                      "key": "35kV杨场变电站",
                      "doc_count": 2
                    },
                    {
                      "key": "35kV黄丰变电站",
                      "doc_count": 1
                    }
                  ]
                }
              },
              {
                "key": "凉山",
                "doc_count": 23,
                "OMS变电站名": {
                  "doc_count_error_upper_bound": 0,
                  "sum_other_doc_count": 0,
                  "buckets": [
                    {
                      "key": "35kV洛哈变电站",
                      "doc_count": 21
                    },
                    {
                      "key": "35kV银厂变电站",
                      "doc_count": 2
                    }
                  ]
                }
              },
              {
                "key": "宜宾",
                "doc_count": 18,
                "OMS变电站名": {
                  "doc_count_error_upper_bound": 0,
                  "sum_other_doc_count": 0,
                  "buckets": [
                    {
                      "key": "35kV象鼻变电站",
                      "doc_count": 7
                    },
                    {
                      "key": "35kV黄沙河变电站",
                      "doc_count": 5
                    },
                    {
                      "key": "35kV汪家变电站",
                      "doc_count": 4
                    },
                    {
                      "key": "35kV豆坝变电站",
                      "doc_count": 2
                    }
                  ]
                }
              },
              {
                "key": "资阳",
                "doc_count": 12,
                "OMS变电站名": {
                  "doc_count_error_upper_bound": 0,
                  "sum_other_doc_count": 0,
                  "buckets": [
                    {
                      "key": "35kV石桥变电站",
                      "doc_count": 8
                    },
                    {
                      "key": "35kV永清变电站",
                      "doc_count": 4
                    }
                  ]
                }
              },
              {
                "key": "自贡",
                "doc_count": 11,
                "OMS变电站名": {
                  "doc_count_error_upper_bound": 0,
                  "sum_other_doc_count": 0,
                  "buckets": [
                    {
                      "key": "35kV大山铺变电站",
                      "doc_count": 10
                    },
                    {
                      "key": "35kV双石变电站",
                      "doc_count": 1
                    }
                  ]
                }
              },
              {
                "key": "攀枝花",
                "doc_count": 4,
                "OMS变电站名": {
                  "doc_count_error_upper_bound": 0,
                  "sum_other_doc_count": 0,
                  "buckets": [
                    {
                      "key": "35kV方家沟变电站",
                      "doc_count": 2
                    },
                    {
                      "key": "35kV炳草岗变电站",
                      "doc_count": 2
                    }
                  ]
                }
              },
              {
                "key": "南充",
                "doc_count": 1,
                "OMS变电站名": {
                  "doc_count_error_upper_bound": 0,
                  "sum_other_doc_count": 0,
                  "buckets": [
                    {
                      "key": "35kV走马变电站",
                      "doc_count": 1
                    }
                  ]
                }
              },
              {
                "key": "甘孜",
                "doc_count": 1,
                "OMS变电站名": {
                  "doc_count_error_upper_bound": 0,
                  "sum_other_doc_count": 0,
                  "buckets": [
                    {
                      "key": "35kV年龙变电站",
                      "doc_count": 1
                    }
                  ]
                }
              },
              {
                "key": "雅安",
                "doc_count": 1,
                "OMS变电站名": {
                  "doc_count_error_upper_bound": 0,
                  "sum_other_doc_count": 0,
                  "buckets": [
                    {
                      "key": "35kV八步变电站",
                      "doc_count": 1
                    }
                  ]
                }
              }
            ]
          }
        },
        {
          "key": "500kv",
          "doc_count": 2834,
          "地区": {
            "doc_count_error_upper_bound": 0,
            "sum_other_doc_count": 0,
            "buckets": [
              {
                "key": "四川",
                "doc_count": 2834,
                "OMS变电站名": {
                  "doc_count_error_upper_bound": 0,
                  "sum_other_doc_count": 0,
                  "buckets": [
                    {
                      "key": "500kV叙府变电站",
                      "doc_count": 643
                    },
                    {
                      "key": "500kV南充变电站",
                      "doc_count": 466
                    },
                    {
                      "key": "500kV洪沟变电站",
                      "doc_count": 359
                    },
                    {
                      "key": "500kV昭化变电站",
                      "doc_count": 202
                    },
                    {
                      "key": "500kV九龙变电站",
                      "doc_count": 201
                    },
                    {
                      "key": "500kV达州变电站",
                      "doc_count": 144
                    },
                    {
                      "key": "500kV石板箐变电站",
                      "doc_count": 134
                    },
                    {
                      "key": "500kV黄岩变电站",
                      "doc_count": 132
                    },
                    {
                      "key": "500kV桃乡变电站",
                      "doc_count": 117
                    },
                    {
                      "key": "500kV龙王变电站",
                      "doc_count": 109
                    },
                    {
                      "key": "500kV石棉变电站",
                      "doc_count": 103
                    },
                    {
                      "key": "500kV富乐变电站",
                      "doc_count": 97
                    },
                    {
                      "key": "500kV东坡变电站",
                      "doc_count": 58
                    },
                    {
                      "key": "500kV康定变电站",
                      "doc_count": 21
                    },
                    {
                      "key": "500kV内江变电站",
                      "doc_count": 14
                    },
                    {
                      "key": "500kV蜀州变电站",
                      "doc_count": 14
                    },
                    {
                      "key": "500kV泸州变电站",
                      "doc_count": 6
                    },
                    {
                      "key": "500kV雅安变电站",
                      "doc_count": 5
                    },
                    {
                      "key": "500kV尖山变电站",
                      "doc_count": 2
                    },
                    {
                      "key": "500kV月城变电站",
                      "doc_count": 2
                    },
                    {
                      "key": "500kV茂县变电站",
                      "doc_count": 2
                    },
                    {
                      "key": "500kV平武变电站",
                      "doc_count": 1
                    },
                    {
                      "key": "500kV普提变电站",
                      "doc_count": 1
                    },
                    {
                      "key": "500kV水洛变电站",
                      "doc_count": 1
                    }
                  ]
                }
              }
            ]
          }
        },
        {
          "key": "110kv",
          "doc_count": 2150,
          "地区": {
            "doc_count_error_upper_bound": 0,
            "sum_other_doc_count": 0,
            "buckets": [
              {
                "key": "成都",
                "doc_count": 1621,
                "OMS变电站名": {
                  "doc_count_error_upper_bound": 0,
                  "sum_other_doc_count": 0,
                  "buckets": [
                    {
                      "key": "110kV黄甲变电站",
                      "doc_count": 402
                    },
                    {
                      "key": "110kV松林变电站",
                      "doc_count": 383
                    },
                    {
                      "key": "110kV海科变电站",
                      "doc_count": 181
                    },
                    {
                      "key": "110kV国玻变电站",
                      "doc_count": 174
                    },
                    {
                      "key": "110kV花桥变电站",
                      "doc_count": 45
                    },
                    {
                      "key": "110kV官渡变电站",
                      "doc_count": 37
                    },
                    {
                      "key": "110kV金马变电站",
                      "doc_count": 27
                    },
                    {
                      "key": "110kV长安桥变电站",
                      "doc_count": 26
                    },
                    {
                      "key": "110kV前进变电站",
                      "doc_count": 25
                    },
                    {
                      "key": "110kV华阳变电站",
                      "doc_count": 24
                    },
                    {
                      "key": "110kV大田变电站",
                      "doc_count": 19
                    },
                    {
                      "key": "110kV广济变电站",
                      "doc_count": 17
                    },
                    {
                      "key": "110kV彩虹变电站",
                      "doc_count": 17
                    },
                    {
                      "key": "110kV粉坊堰变电站",
                      "doc_count": 16
                    },
                    {
                      "key": "110kV东升变电站",
                      "doc_count": 15
                    },
                    {
                      "key": "110kV蒲阳变电站",
                      "doc_count": 15
                    },
                    {
                      "key": "110kV光明变电站",
                      "doc_count": 11
                    },
                    {
                      "key": "110kV普河变电站",
                      "doc_count": 10
                    },
                    {
                      "key": "110kV永康变电站",
                      "doc_count": 10
                    },
                    {
                      "key": "110kV洪河变电站",
                      "doc_count": 10
                    },
                    {
                      "key": "110kV苏码头变电站",
                      "doc_count": 10
                    },
                    {
                      "key": "110kV羊安变电站",
                      "doc_count": 9
                    },
                    {
                      "key": "110kV九江变电站",
                      "doc_count": 8
                    },
                    {
                      "key": "110kV滨西变电站",
                      "doc_count": 8
                    },
                    {
                      "key": "110kV胥家变电站",
                      "doc_count": 8
                    },
                    {
                      "key": "110kV界牌变电站",
                      "doc_count": 7
                    },
                    {
                      "key": "110kV金江变电站",
                      "doc_count": 7
                    },
                    {
                      "key": "110kV景峰变电站",
                      "doc_count": 6
                    },
                    {
                      "key": "110kV民和变电站",
                      "doc_count": 6
                    },
                    {
                      "key": "110kV淮口变电站",
                      "doc_count": 6
                    },
                    {
                      "key": "110kV驷马桥变电站",
                      "doc_count": 5
                    },
                    {
                      "key": "110kV大湾变电站",
                      "doc_count": 4
                    },
                    {
                      "key": "110kV繁江变电站",
                      "doc_count": 4
                    },
                    {
                      "key": "110kV金堂变电站",
                      "doc_count": 4
                    },
                    {
                      "key": "110kV集贤变电站",
                      "doc_count": 4
                    },
                    {
                      "key": "110kV同善桥变电站",
                      "doc_count": 3
                    },
                    {
                      "key": "110kV大树变电站",
                      "doc_count": 3
                    },
                    {
                      "key": "110kV子龙庙变电站",
                      "doc_count": 3
                    },
                    {
                      "key": "110kV寿安变电站",
                      "doc_count": 3
                    },
                    {
                      "key": "110kV崇州变电站",
                      "doc_count": 3
                    },
                    {
                      "key": "110kV张家寺变电站",
                      "doc_count": 3
                    },
                    {
                      "key": "110kV文昌变电站",
                      "doc_count": 3
                    },
                    {
                      "key": "110kV板桥变电站",
                      "doc_count": 3
                    },
                    {
                      "key": "110kV沙埂变电站",
                      "doc_count": 3
                    },
                    {
                      "key": "110kV银杏变电站",
                      "doc_count": 3
                    },
                    {
                      "key": "110kV万和变电站",
                      "doc_count": 2
                    },
                    {
                      "key": "110kV九里堤变电站",
                      "doc_count": 2
                    },
                    {
                      "key": "110kV五块石变电站",
                      "doc_count": 2
                    },
                    {
                      "key": "110kV新牧马山变电站",
                      "doc_count": 2
                    },
                    {
                      "key": "110kV杨柳变电站",
                      "doc_count": 2
                    },
                    {
                      "key": "110kV桃园变电站",
                      "doc_count": 2
                    },
                    {
                      "key": "110kV白丝街变电站",
                      "doc_count": 2
                    },
                    {
                      "key": "110kV红卫变电站",
                      "doc_count": 2
                    },
                    {
                      "key": "110kV铁佛变电站",
                      "doc_count": 2
                    },
                    {
                      "key": "110kV下涧槽变电站",
                      "doc_count": 1
                    },
                    {
                      "key": "110kV何店变电站",
                      "doc_count": 1
                    },
                    {
                      "key": "110kV光辉变电站",
                      "doc_count": 1
                    },
                    {
                      "key": "110kV安龙变电站",
                      "doc_count": 1
                    },
                    {
                      "key": "110kV指挥街变电站",
                      "doc_count": 1
                    },
                    {
                      "key": "110kV文庙街变电站",
                      "doc_count": 1
                    },
                    {
                      "key": "110kV清水变电站",
                      "doc_count": 1
                    },
                    {
                      "key": "110kV王场变电站",
                      "doc_count": 1
                    },
                    {
                      "key": "110kV瑞云变电站",
                      "doc_count": 1
                    },
                    {
                      "key": "110kV通顺变电站",
                      "doc_count": 1
                    },
                    {
                      "key": "110kV高庆变电站",
                      "doc_count": 1
                    },
                    {
                      "key": "110kV麓湖变电站",
                      "doc_count": 1
                    },
                    {
                      "key": "110kV龙桥变电站",
                      "doc_count": 1
                    }
                  ]
                }
              },
              {
                "key": "宜宾",
                "doc_count": 81,
                "OMS变电站名": {
                  "doc_count_error_upper_bound": 0,
                  "sum_other_doc_count": 0,
                  "buckets": [
                    {
                      "key": "110kV九都变电站",
                      "doc_count": 23
                    },
                    {
                      "key": "110kV大观变电站",
                      "doc_count": 14
                    },
                    {
                      "key": "110kV叙南变电站",
                      "doc_count": 8
                    },
                    {
                      "key": "110kV巡场变电站",
                      "doc_count": 7
                    },
                    {
                      "key": "110kV鲁西变电站",
                      "doc_count": 7
                    },
                    {
                      "key": "110kV柏树林变电站",
                      "doc_count": 6
                    },
                    {
                      "key": "110kV建新变电站",
                      "doc_count": 4
                    },
                    {
                      "key": "110kV普安变电站",
                      "doc_count": 4
                    },
                    {
                      "key": "110kV天池变电站",
                      "doc_count": 3
                    },
                    {
                      "key": "110kV桐梓林变电站",
                      "doc_count": 3
                    },
                    {
                      "key": "110kV东风变电站",
                      "doc_count": 1
                    },
                    {
                      "key": "110kV建中变电站",
                      "doc_count": 1
                    }
                  ]
                }
              },
              {
                "key": "遂宁",
                "doc_count": 79,
                "OMS变电站名": {
                  "doc_count_error_upper_bound": 0,
                  "sum_other_doc_count": 0,
                  "buckets": [
                    {
                      "key": "110kV柳树变电站",
                      "doc_count": 51
                    },
                    {
                      "key": "110kV任隆变电站",
                      "doc_count": 7
                    },
                    {
                      "key": "110kV上游变电站",
                      "doc_count": 6
                    },
                    {
                      "key": "110kV张家口变电站",
                      "doc_count": 5
                    },
                    {
                      "key": "110kv赤城变电站",
                      "doc_count": 4
                    },
                    {
                      "key": "110kV桐子湾变电站",
                      "doc_count": 2
                    },
                    {
                      "key": "110kV武安变电站",
                      "doc_count": 2
                    },
                    {
                      "key": "110kV青龙坡变电站",
                      "doc_count": 2
                    }
                  ]
                }
              },
              {
                "key": "内江",
                "doc_count": 62,
                "OMS变电站名": {
                  "doc_count_error_upper_bound": 0,
                  "sum_other_doc_count": 0,
                  "buckets": [
                    {
                      "key": "110kV连界场变电站",
                      "doc_count": 34
                    },
                    {
                      "key": "110kV杨家湾变电站",
                      "doc_count": 15
                    },
                    {
                      "key": "110kV徐家桥变电站",
                      "doc_count": 4
                    },
                    {
                      "key": "110kV马鞍山变电站",
                      "doc_count": 4
                    },
                    {
                      "key": "110kV双苏变电站",
                      "doc_count": 3
                    },
                    {
                      "key": "110kV威远变电站",
                      "doc_count": 1
                    },
                    {
                      "key": "110kV白合变电站",
                      "doc_count": 1
                    }
                  ]
                }
              },
              {
                "key": "凉山",
                "doc_count": 45,
                "OMS变电站名": {
                  "doc_count_error_upper_bound": 0,
                  "sum_other_doc_count": 0,
                  "buckets": [
                    {
                      "key": "110kV泸湖变电站",
                      "doc_count": 37
                    },
                    {
                      "key": "110kV银鹿变电站",
                      "doc_count": 8
                    }
                  ]
                }
              },
              {
                "key": "乐山",
                "doc_count": 42,
                "OMS变电站名": {
                  "doc_count_error_upper_bound": 0,
                  "sum_other_doc_count": 0,
                  "buckets": [
                    {
                      "key": "110kV沙湾变电站",
                      "doc_count": 21
                    },
                    {
                      "key": "110kV劳动变电站",
                      "doc_count": 18
                    },
                    {
                      "key": "110kV马坪变电站",
                      "doc_count": 2
                    },
                    {
                      "key": "110kV斑竹湾变电站",
                      "doc_count": 1
                    }
                  ]
                }
              },
              {
                "key": "广元",
                "doc_count": 34,
                "OMS变电站名": {
                  "doc_count_error_upper_bound": 0,
                  "sum_other_doc_count": 0,
                  "buckets": [
                    {
                      "key": "110kV云盘梁变电站",
                      "doc_count": 10
                    },
                    {
                      "key": "110kV灯塔变电站",
                      "doc_count": 6
                    },
                    {
                      "key": "110kV宝轮变电站",
                      "doc_count": 3
                    },
                    {
                      "key": "110kV春风变电站",
                      "doc_count": 3
                    },
                    {
                      "key": "110kV沙溪坝变电站",
                      "doc_count": 3
                    },
                    {
                      "key": "110kV卫子变电站",
                      "doc_count": 2
                    },
                    {
                      "key": "110kV朝天变电站",
                      "doc_count": 2
                    },
                    {
                      "key": "110kV松林坡变电站",
                      "doc_count": 2
                    },
                    {
                      "key": "110kV中子变电站",
                      "doc_count": 1
                    },
                    {
                      "key": "110kV城郊变电站",
                      "doc_count": 1
                    },
                    {
                      "key": "110kV竹园变电站",
                      "doc_count": 1
                    }
                  ]
                }
              },
              {
                "key": "绵阳",
                "doc_count": 32,
                "OMS变电站名": {
                  "doc_count_error_upper_bound": 0,
                  "sum_other_doc_count": 0,
                  "buckets": [
                    {
                      "key": "110kV马角坝变电站",
                      "doc_count": 14
                    },
                    {
                      "key": "110kV界牌变电站",
                      "doc_count": 11
                    },
                    {
                      "key": "110kV双碑变电站",
                      "doc_count": 2
                    },
                    {
                      "key": "110kV沙窝子变电站",
                      "doc_count": 2
                    },
                    {
                      "key": "110kV三合变电站",
                      "doc_count": 1
                    },
                    {
                      "key": "110kV永安变电站",
                      "doc_count": 1
                    },
                    {
                      "key": "110kV高水变电站",
                      "doc_count": 1
                    }
                  ]
                }
              },
              {
                "key": "攀枝花",
                "doc_count": 28,
                "OMS变电站名": {
                  "doc_count_error_upper_bound": 0,
                  "sum_other_doc_count": 0,
                  "buckets": [
                    {
                      "key": "110kV向阳变电站",
                      "doc_count": 15
                    },
                    {
                      "key": "110kV垭口变电站",
                      "doc_count": 5
                    },
                    {
                      "key": "110kV兴隆变电站",
                      "doc_count": 3
                    },
                    {
                      "key": "110kV格里坪变电站",
                      "doc_count": 2
                    },
                    {
                      "key": "110kV老熊井变电站",
                      "doc_count": 2
                    },
                    {
                      "key": "110kV宁华变电站",
                      "doc_count": 1
                    }
                  ]
                }
              },
              {
                "key": "眉山",
                "doc_count": 28,
                "OMS变电站名": {
                  "doc_count_error_upper_bound": 0,
                  "sum_other_doc_count": 0,
                  "buckets": [
                    {
                      "key": "110kV视高变电站",
                      "doc_count": 9
                    },
                    {
                      "key": "110kV何场变电站",
                      "doc_count": 4
                    },
                    {
                      "key": "110kV仁寿变电站",
                      "doc_count": 3
                    },
                    {
                      "key": "110kV兰店变电站",
                      "doc_count": 3
                    },
                    {
                      "key": "110kV青竹变电站",
                      "doc_count": 3
                    },
                    {
                      "key": "110kV大石桥变电站",
                      "doc_count": 2
                    },
                    {
                      "key": "110kV思蒙变电站",
                      "doc_count": 2
                    },
                    {
                      "key": "110kV东馆变电站",
                      "doc_count": 1
                    },
                    {
                      "key": "110kV大勇变电站",
                      "doc_count": 1
                    }
                  ]
                }
              },
              {
                "key": "巴中",
                "doc_count": 24,
                "OMS变电站名": {
                  "doc_count_error_upper_bound": 0,
                  "sum_other_doc_count": 0,
                  "buckets": [
                    {
                      "key": "110kV南江变电站",
                      "doc_count": 10
                    },
                    {
                      "key": "110kV玉堂变电站",
                      "doc_count": 8
                    },
                    {
                      "key": "110kV通江变电站",
                      "doc_count": 3
                    },
                    {
                      "key": "110kV恩阳变电站",
                      "doc_count": 1
                    },
                    {
                      "key": "110kV永安变电站",
                      "doc_count": 1
                    },
                    {
                      "key": "110kV石板垭变电站",
                      "doc_count": 1
                    }
                  ]
                }
              },
              {
                "key": "自贡",
                "doc_count": 21,
                "OMS变电站名": {
                  "doc_count_error_upper_bound": 0,
                  "sum_other_doc_count": 0,
                  "buckets": [
                    {
                      "key": "110kV胜利变电站",
                      "doc_count": 5
                    },
                    {
                      "key": "110kV代家坝变电站",
                      "doc_count": 4
                    },
                    {
                      "key": "110kV沿滩变电站",
                      "doc_count": 4
                    },
                    {
                      "key": "110kV海棠变电站",
                      "doc_count": 4
                    },
                    {
                      "key": "110kV汇东变电站",
                      "doc_count": 3
                    },
                    {
                      "key": "110kV锁江变电站",
                      "doc_count": 1
                    }
                  ]
                }
              },
              {
                "key": "资阳",
                "doc_count": 16,
                "OMS变电站名": {
                  "doc_count_error_upper_bound": 0,
                  "sum_other_doc_count": 0,
                  "buckets": [
                    {
                      "key": "110kV石板变电站",
                      "doc_count": 8
                    },
                    {
                      "key": "110kV南市变电站",
                      "doc_count": 4
                    },
                    {
                      "key": "110kV城中变电站",
                      "doc_count": 2
                    },
                    {
                      "key": "110kV石盘变电站",
                      "doc_count": 2
                    }
                  ]
                }
              },
              {
                "key": "达州",
                "doc_count": 11,
                "OMS变电站名": {
                  "doc_count_error_upper_bound": 0,
                  "sum_other_doc_count": 0,
                  "buckets": [
                    {
                      "key": "110kV官渡变电站",
                      "doc_count": 6
                    },
                    {
                      "key": "110kV小湾变电站",
                      "doc_count": 3
                    },
                    {
                      "key": "110kV双堰变电站",
                      "doc_count": 1
                    },
                    {
                      "key": "110kV方斗变电站",
                      "doc_count": 1
                    }
                  ]
                }
              },
              {
                "key": "广安",
                "doc_count": 8,
                "OMS变电站名": {
                  "doc_count_error_upper_bound": 0,
                  "sum_other_doc_count": 0,
                  "buckets": [
                    {
                      "key": "110kV方坪变电站",
                      "doc_count": 4
                    },
                    {
                      "key": "110kV分水岭变电站",
                      "doc_count": 3
                    },
                    {
                      "key": "110kV牛背山变电站",
                      "doc_count": 1
                    }
                  ]
                }
              },
              {
                "key": "阿坝",
                "doc_count": 5,
                "OMS变电站名": {
                  "doc_count_error_upper_bound": 0,
                  "sum_other_doc_count": 0,
                  "buckets": [
                    {
                      "key": "110kV月亮湾变电站",
                      "doc_count": 3
                    },
                    {
                      "key": "110kV夹壁变电站",
                      "doc_count": 2
                    }
                  ]
                }
              },
              {
                "key": "雅安",
                "doc_count": 5,
                "OMS变电站名": {
                  "doc_count_error_upper_bound": 0,
                  "sum_other_doc_count": 0,
                  "buckets": [
                    {
                      "key": "110kV前进变电站",
                      "doc_count": 2
                    },
                    {
                      "key": "110kV板桥变电站",
                      "doc_count": 2
                    },
                    {
                      "key": "110kV南坝子变电站",
                      "doc_count": 1
                    }
                  ]
                }
              },
              {
                "key": "南充",
                "doc_count": 2,
                "OMS变电站名": {
                  "doc_count_error_upper_bound": 0,
                  "sum_other_doc_count": 0,
                  "buckets": [
                    {
                      "key": "110kV北湖变电站",
                      "doc_count": 1
                    },
                    {
                      "key": "110kV城郊变电站",
                      "doc_count": 1
                    }
                  ]
                }
              },
              {
                "key": "德阳",
                "doc_count": 2,
                "OMS变电站名": {
                  "doc_count_error_upper_bound": 0,
                  "sum_other_doc_count": 0,
                  "buckets": [
                    {
                      "key": "110kV两路口变电站",
                      "doc_count": 1
                    },
                    {
                      "key": "110kV土塘变电站",
                      "doc_count": 1
                    }
                  ]
                }
              },
              {
                "key": "泸州",
                "doc_count": 2,
                "OMS变电站名": {
                  "doc_count_error_upper_bound": 0,
                  "sum_other_doc_count": 0,
                  "buckets": [
                    {
                      "key": "110kV安富变电站",
                      "doc_count": 2
                    }
                  ]
                }
              },
              {
                "key": "甘孜",
                "doc_count": 2,
                "OMS变电站名": {
                  "doc_count_error_upper_bound": 0,
                  "sum_other_doc_count": 0,
                  "buckets": [
                    {
                      "key": "110kV炉霍变电站",
                      "doc_count": 1
                    },
                    {
                      "key": "110kV道孚变电站",
                      "doc_count": 1
                    }
                  ]
                }
              }
            ]
          }
        },
        {
          "key": "220kv",
          "doc_count": 1482,
          "地区": {
            "doc_count_error_upper_bound": 0,
            "sum_other_doc_count": 0,
            "buckets": [
              {
                "key": "阿坝",
                "doc_count": 779,
                "OMS变电站名": {
                  "doc_count_error_upper_bound": 0,
                  "sum_other_doc_count": 0,
                  "buckets": [
                    {
                      "key": "220kV水磨变电站",
                      "doc_count": 779
                    }
                  ]
                }
              },
              {
                "key": "内江",
                "doc_count": 242,
                "OMS变电站名": {
                  "doc_count_error_upper_bound": 0,
                  "sum_other_doc_count": 0,
                  "buckets": [
                    {
                      "key": "220kV永安变电站",
                      "doc_count": 99
                    },
                    {
                      "key": "220kV金鹅变电站",
                      "doc_count": 66
                    },
                    {
                      "key": "220kV凉水井变电站",
                      "doc_count": 44
                    },
                    {
                      "key": "220kV松柏变电站",
                      "doc_count": 17
                    },
                    {
                      "key": "220kV茶山变电站",
                      "doc_count": 8
                    },
                    {
                      "key": "220kV董家湾变电站",
                      "doc_count": 8
                    }
                  ]
                }
              },
              {
                "key": "自贡",
                "doc_count": 151,
                "OMS变电站名": {
                  "doc_count_error_upper_bound": 0,
                  "sum_other_doc_count": 0,
                  "buckets": [
                    {
                      "key": "220kV园湾变电站",
                      "doc_count": 147
                    },
                    {
                      "key": "220kV乐德变电站",
                      "doc_count": 2
                    },
                    {
                      "key": "220kV舒平变电站",
                      "doc_count": 2
                    }
                  ]
                }
              },
              {
                "key": "成都",
                "doc_count": 107,
                "OMS变电站名": {
                  "doc_count_error_upper_bound": 0,
                  "sum_other_doc_count": 0,
                  "buckets": [
                    {
                      "key": "220kV安顺桥变电站",
                      "doc_count": 24
                    },
                    {
                      "key": "220kV清波变电站",
                      "doc_count": 11
                    },
                    {
                      "key": "220kV腾飞变电站",
                      "doc_count": 11
                    },
                    {
                      "key": "220kV聚源变电站",
                      "doc_count": 10
                    },
                    {
                      "key": "220kV发展变电站",
                      "doc_count": 8
                    },
                    {
                      "key": "220kV大面变电站",
                      "doc_count": 5
                    },
                    {
                      "key": "220kV武侯变电站",
                      "doc_count": 4
                    },
                    {
                      "key": "220kV毛家湾变电站",
                      "doc_count": 4
                    },
                    {
                      "key": "220kV青白江变电站",
                      "doc_count": 4
                    },
                    {
                      "key": "220kV十陵变电站",
                      "doc_count": 3
                    },
                    {
                      "key": "220kV塘坎街变电站",
                      "doc_count": 3
                    },
                    {
                      "key": "220kV新石羊变电站",
                      "doc_count": 3
                    },
                    {
                      "key": "220kV应龙变电站",
                      "doc_count": 2
                    },
                    {
                      "key": "220kV新二村变电站",
                      "doc_count": 2
                    },
                    {
                      "key": "220kV昭觉寺变电站",
                      "doc_count": 2
                    },
                    {
                      "key": "220kV核桃村变电站",
                      "doc_count": 2
                    },
                    {
                      "key": "220kV铜牌变电站",
                      "doc_count": 2
                    },
                    {
                      "key": "220kV万福变电站",
                      "doc_count": 1
                    },
                    {
                      "key": "220kV三圣变电站",
                      "doc_count": 1
                    },
                    {
                      "key": "220kV云绣变电站",
                      "doc_count": 1
                    },
                    {
                      "key": "220kV双桥子变电站",
                      "doc_count": 1
                    },
                    {
                      "key": "220kV徐家渡变电站",
                      "doc_count": 1
                    },
                    {
                      "key": "220kV梓桐变电站",
                      "doc_count": 1
                    },
                    {
                      "key": "220kV驾青桥变电站",
                      "doc_count": 1
                    }
                  ]
                }
              },
              {
                "key": "四川",
                "doc_count": 40,
                "OMS变电站名": {
                  "doc_count_error_upper_bound": 0,
                  "sum_other_doc_count": 0,
                  "buckets": [
                    {
                      "key": "220kV甘孜变电站",
                      "doc_count": 39
                    },
                    {
                      "key": "220kV榆林变电站",
                      "doc_count": 1
                    }
                  ]
                }
              },
              {
                "key": "凉山",
                "doc_count": 35,
                "OMS变电站名": {
                  "doc_count_error_upper_bound": 0,
                  "sum_other_doc_count": 0,
                  "buckets": [
                    {
                      "key": "220kV普格变电站",
                      "doc_count": 21
                    },
                    {
                      "key": "220kV樟木变电站",
                      "doc_count": 7
                    },
                    {
                      "key": "220kV尔足变电站",
                      "doc_count": 2
                    },
                    {
                      "key": "220kV雷波变电站",
                      "doc_count": 2
                    },
                    {
                      "key": "220kV会理变电站",
                      "doc_count": 1
                    },
                    {
                      "key": "220kV杜家湾变电站",
                      "doc_count": 1
                    },
                    {
                      "key": "220kV盐源变电站",
                      "doc_count": 1
                    }
                  ]
                }
              },
              {
                "key": "遂宁",
                "doc_count": 35,
                "OMS变电站名": {
                  "doc_count_error_upper_bound": 0,
                  "sum_other_doc_count": 0,
                  "buckets": [
                    {
                      "key": "220kV双堰变电站",
                      "doc_count": 18
                    },
                    {
                      "key": "220kV杨胡变电站",
                      "doc_count": 12
                    },
                    {
                      "key": "220KV清河变电站",
                      "doc_count": 5
                    }
                  ]
                }
              },
              {
                "key": "广元",
                "doc_count": 20,
                "OMS变电站名": {
                  "doc_count_error_upper_bound": 0,
                  "sum_other_doc_count": 0,
                  "buckets": [
                    {
                      "key": "220kV苍溪变电站",
                      "doc_count": 9
                    },
                    {
                      "key": "220kV赤化变电站",
                      "doc_count": 5
                    },
                    {
                      "key": "220kV明月峡变电站",
                      "doc_count": 2
                    },
                    {
                      "key": "220kV雪峰变电站",
                      "doc_count": 2
                    },
                    {
                      "key": "220kV白石岩变电站",
                      "doc_count": 1
                    },
                    {
                      "key": "220kV袁家坝变电站",
                      "doc_count": 1
                    }
                  ]
                }
              },
              {
                "key": "绵阳",
                "doc_count": 15,
                "OMS变电站名": {
                  "doc_count_error_upper_bound": 0,
                  "sum_other_doc_count": 0,
                  "buckets": [
                    {
                      "key": "220kV天明变电站",
                      "doc_count": 7
                    },
                    {
                      "key": "220kV佳桥变电站",
                      "doc_count": 3
                    },
                    {
                      "key": "220kV永兴变电站",
                      "doc_count": 2
                    },
                    {
                      "key": "220kV磨家梁变电站",
                      "doc_count": 2
                    },
                    {
                      "key": "220kV大康变电站",
                      "doc_count": 1
                    }
                  ]
                }
              },
              {
                "key": "乐山",
                "doc_count": 14,
                "OMS变电站名": {
                  "doc_count_error_upper_bound": 0,
                  "sum_other_doc_count": 0,
                  "buckets": [
                    {
                      "key": "220kV黑竹沟变电站",
                      "doc_count": 7
                    },
                    {
                      "key": "220kV犍为变电站",
                      "doc_count": 4
                    },
                    {
                      "key": "220kV范坝变电站",
                      "doc_count": 3
                    }
                  ]
                }
              },
              {
                "key": "宜宾",
                "doc_count": 13,
                "OMS变电站名": {
                  "doc_count_error_upper_bound": 0,
                  "sum_other_doc_count": 0,
                  "buckets": [
                    {
                      "key": "220kV北荆坝变电站",
                      "doc_count": 7
                    },
                    {
                      "key": "220kV江南变电站",
                      "doc_count": 3
                    },
                    {
                      "key": "220kV丰收变电站",
                      "doc_count": 1
                    },
                    {
                      "key": "220kV白沙变电站",
                      "doc_count": 1
                    },
                    {
                      "key": "220kV龙头变电站",
                      "doc_count": 1
                    }
                  ]
                }
              },
              {
                "key": "巴中",
                "doc_count": 8,
                "OMS变电站名": {
                  "doc_count_error_upper_bound": 0,
                  "sum_other_doc_count": 0,
                  "buckets": [
                    {
                      "key": "220kV草池变电站",
                      "doc_count": 8
                    }
                  ]
                }
              },
              {
                "key": "甘孜",
                "doc_count": 6,
                "OMS变电站名": {
                  "doc_count_error_upper_bound": 0,
                  "sum_other_doc_count": 0,
                  "buckets": [
                    {
                      "key": "220kV甘孜变电站",
                      "doc_count": 6
                    }
                  ]
                }
              },
              {
                "key": "资阳",
                "doc_count": 6,
                "OMS变电站名": {
                  "doc_count_error_upper_bound": 0,
                  "sum_other_doc_count": 0,
                  "buckets": [
                    {
                      "key": "220kV海鸣变电站",
                      "doc_count": 4
                    },
                    {
                      "key": "220kV棉丰变电站",
                      "doc_count": 2
                    }
                  ]
                }
              },
              {
                "key": "攀枝花",
                "doc_count": 5,
                "OMS变电站名": {
                  "doc_count_error_upper_bound": 0,
                  "sum_other_doc_count": 0,
                  "buckets": [
                    {
                      "key": "220kV岩神山变电站",
                      "doc_count": 5
                    }
                  ]
                }
              },
              {
                "key": "眉山",
                "doc_count": 5,
                "OMS变电站名": {
                  "doc_count_error_upper_bound": 0,
                  "sum_other_doc_count": 0,
                  "buckets": [
                    {
                      "key": "220kV平春变电站",
                      "doc_count": 5
                    }
                  ]
                }
              },
              {
                "key": "南充",
                "doc_count": 1,
                "OMS变电站名": {
                  "doc_count_error_upper_bound": 0,
                  "sum_other_doc_count": 0,
                  "buckets": [
                    {
                      "key": "220kV蓬安变电站",
                      "doc_count": 1
                    }
                  ]
                }
              }
            ]
          }
        }
      ]
    }
  }
}