[
  {
    "key": "110kV得荣变电站",
    "doc_count": 14306245
  },
  {
    "key": "220kV搬罾变电站",
    "doc_count": 3649183
  },
  {
    "key": "220KV张公变电站",
    "doc_count": 3332583
  },
  {
    "key": "35kV林庆变电站",
    "doc_count": 406093
  },
  {
    "key": "110kV中和变电站",
    "doc_count": 403971
  },
  {
    "key": "220kV永兴变电站",
    "doc_count": 331794
  },
  {
    "key": "35kV走马变电站",
    "doc_count": 310596
  },
  {
    "key": "110kV永安变电站",
    "doc_count": 215084
  },
  {
    "key": "110kV道孚变电站",
    "doc_count": 206241
  },
  {
    "key": "110kV曹山变电站",
    "doc_count": 186504
  },
  {
    "key": "110kV喜德变电站",
    "doc_count": 175924
  },
  {
    "key": "110kV安岳变电站",
    "doc_count": 171247
  },
  {
    "key": "110kV石燕桥变电站",
    "doc_count": 165457
  },
  {
    "key": "35kV龙灯变电站",
    "doc_count": 160264
  },
  {
    "key": "110kV麓湖变电站",
    "doc_count": 143514
  },
  {
    "key": "110kV棉花坡变电站",
    "doc_count": 134818
  },
  {
    "key": "110kV八角变电站",
    "doc_count": 128016
  },
  {
    "key": "220kV南华变电站",
    "doc_count": 122304
  },
  {
    "key": "220kV古城变电站",
    "doc_count": 112224
  },
  {
    "key": "220kV朱坎变电站",
    "doc_count": 111098
  },
  {
    "key": "220kV云西变电站",
    "doc_count": 109327
  },
  {
    "key": "110kV平昌变电站",
    "doc_count": 104307
  },
  {
    "key": "110kV集贤变电站",
    "doc_count": 102174
  },
  {
    "key": "110kV平安变电站",
    "doc_count": 97014
  },
  {
    "key": "220kV天成变电站",
    "doc_count": 87477
  },
  {
    "key": "110kV沐爱变电站",
    "doc_count": 86029
  },
  {
    "key": "220kV五里堆变电站",
    "doc_count": 76130
  },
  {
    "key": "35kV遵道变电站",
    "doc_count": 72289
  },
  {
    "key": "110kV雒城变电站",
    "doc_count": 71829
  },
  {
    "key": "110kV松林变电站",
    "doc_count": 66046
  },
  {
    "key": "110kV红格变电站",
    "doc_count": 64425
  },
  {
    "key": "110kV拖觉变电站",
    "doc_count": 58566
  },
  {
    "key": "110kV凯江变电站",
    "doc_count": 56483
  },
  {
    "key": "500kV资阳变电站",
    "doc_count": 52472
  },
  {
    "key": "35kV略坪变电站",
    "doc_count": 51163
  },
  {
    "key": "35kV玉科变电站",
    "doc_count": 50523
  },
  {
    "key": "110kv赤城变电站",
    "doc_count": 48101
  },
  {
    "key": "220kV新市变电站",
    "doc_count": 47909
  },
  {
    "key": "110kV新龙变电站",
    "doc_count": 47884
  },
  {
    "key": "110kV土塘变电站",
    "doc_count": 47614
  },
  {
    "key": "110kV斑竹变电站",
    "doc_count": 47384
  },
  {
    "key": "110kV永宁变电站",
    "doc_count": 46413
  },
  {
    "key": "220kV孟家变电站",
    "doc_count": 46240
  },
  {
    "key": "35kV兰草变电站",
    "doc_count": 45732
  },
  {
    "key": "110kV向阳变电站",
    "doc_count": 45334
  },
  {
    "key": "110kV连山变电站",
    "doc_count": 45108
  },
  {
    "key": "110kV白庙变电站",
    "doc_count": 44649
  },
  {
    "key": "35KV三凤变电站",
    "doc_count": 43710
  },
  {
    "key": "35kV洋溪变电站",
    "doc_count": 43026
  },
  {
    "key": "220kV驾青桥变电站",
    "doc_count": 39417
  },
  {
    "key": "110kV香山变电站",
    "doc_count": 38879
  },
  {
    "key": "110kV双河变电站",
    "doc_count": 38263
  },
  {
    "key": "110kV官渡变电站",
    "doc_count": 37597
  },
  {
    "key": "110kV金兴变电站",
    "doc_count": 36787
  },
  {
    "key": "35kV八台变电站",
    "doc_count": 35969
  },
  {
    "key": "110kV壤塘变电站",
    "doc_count": 35502
  },
  {
    "key": "35kV都京坝变电站",
    "doc_count": 33626
  },
  {
    "key": "35kV万里坡变电站",
    "doc_count": 32795
  },
  {
    "key": "220kV尔足变电站",
    "doc_count": 32655
  },
  {
    "key": "110kV白塔变电站",
    "doc_count": 32398
  },
  {
    "key": "35kV庆兴变电站",
    "doc_count": 32397
  },
  {
    "key": "110kV旌湖变电站",
    "doc_count": 32304
  },
  {
    "key": "110kV岳东变电站",
    "doc_count": 31985
  },
  {
    "key": "35kV巴汝变电站",
    "doc_count": 30981
  },
  {
    "key": "220kV范坝变电站",
    "doc_count": 29199
  },
  {
    "key": "220kV普安变电站",
    "doc_count": 28464
  },
  {
    "key": "500kV蜀州变电站",
    "doc_count": 28229
  },
  {
    "key": "110kV园林变电站",
    "doc_count": 28042
  },
  {
    "key": "35kV富新变电站",
    "doc_count": 27579
  },
  {
    "key": "220kV西佛寺变电站",
    "doc_count": 27113
  },
  {
    "key": "35kV白莲变电站",
    "doc_count": 26776
  },
  {
    "key": "110kV朝阳变电站",
    "doc_count": 26334
  },
  {
    "key": "110kV炳灵宫变电站",
    "doc_count": 25741
  },
  {
    "key": "220kV冕山变电站",
    "doc_count": 25377
  },
  {
    "key": "500kV洪沟变电站",
    "doc_count": 25245
  },
  {
    "key": "110kV北川变电站",
    "doc_count": 24883
  },
  {
    "key": "35kV南龛变电站",
    "doc_count": 24540
  },
  {
    "key": "110kV赵塔变电站",
    "doc_count": 24340
  },
  {
    "key": "110kV魏兴变电站",
    "doc_count": 24312
  },
  {
    "key": "220kV万安变电站",
    "doc_count": 23766
  },
  {
    "key": "500kV纳日变电站",
    "doc_count": 23716
  },
  {
    "key": "110kV国玻变电站",
    "doc_count": 22823
  },
  {
    "key": "220kV茨巫变电站",
    "doc_count": 22187
  },
  {
    "key": "220kV幸福变电站",
    "doc_count": 22088
  },
  {
    "key": "110kV银鹿变电站",
    "doc_count": 22077
  },
  {
    "key": "110kV邛崃变电站",
    "doc_count": 21651
  },
  {
    "key": "220kV斑竹园变电站",
    "doc_count": 21633
  },
  {
    "key": "220kV普格变电站",
    "doc_count": 20705
  },
  {
    "key": "110kV白玉变电站",
    "doc_count": 20562
  },
  {
    "key": "220kV杨桥变电站",
    "doc_count": 19901
  },
  {
    "key": "110kV海田变电站",
    "doc_count": 19714
  },
  {
    "key": "110kV东馆变电站",
    "doc_count": 19402
  },
  {
    "key": "220kV范家湾变电站",
    "doc_count": 18876
  },
  {
    "key": "220kV桑枣变电站",
    "doc_count": 18565
  },
  {
    "key": "220kV黑竹沟变电站",
    "doc_count": 18483
  },
  {
    "key": "110kV蔡沱变电站",
    "doc_count": 18320
  },
  {
    "key": "220kV樟木变电站",
    "doc_count": 18304
  },
  {
    "key": "110kV三星堆变电站",
    "doc_count": 17805
  },
  {
    "key": "35kV彭县变电站",
    "doc_count": 17785
  },
  {
    "key": "110kV俄真变电站",
    "doc_count": 17722
  },
  {
    "key": "220kV保宁变电站",
    "doc_count": 17609
  },
  {
    "key": "220kV双福变电站",
    "doc_count": 17509
  },
  {
    "key": "35kV归德变电站",
    "doc_count": 17128
  },
  {
    "key": "220kV水磨变电站",
    "doc_count": 17044
  },
  {
    "key": "35kV顺河变电站",
    "doc_count": 16886
  },
  {
    "key": "110kV民主变电站",
    "doc_count": 16777
  },
  {
    "key": "110kV龙台变电站",
    "doc_count": 16281
  },
  {
    "key": "500kV什邡变电站",
    "doc_count": 16206
  },
  {
    "key": "110kV昌台变电站",
    "doc_count": 15891
  },
  {
    "key": "35kV六陵变电站",
    "doc_count": 15807
  },
  {
    "key": "500kV叙府变电站",
    "doc_count": 15320
  },
  {
    "key": "220kV九岭变电站",
    "doc_count": 15280
  },
  {
    "key": "110kV板桥变电站",
    "doc_count": 15230
  },
  {
    "key": "35kV鄢家变电站",
    "doc_count": 14786
  },
  {
    "key": "110kV南河变电站",
    "doc_count": 14184
  },
  {
    "key": "110kV高坝子变电站",
    "doc_count": 14058
  },
  {
    "key": "220kV周家堡变电站",
    "doc_count": 14052
  },
  {
    "key": "110kV夏邛变电站",
    "doc_count": 14030
  },
  {
    "key": "35kV鹃城变电站",
    "doc_count": 13970
  },
  {
    "key": "110kV安龙变电站",
    "doc_count": 13632
  },
  {
    "key": "220kV屏山变电站",
    "doc_count": 13406
  },
  {
    "key": "35kV河屯变电站",
    "doc_count": 12810
  },
  {
    "key": "110kV卫子变电站",
    "doc_count": 12718
  },
  {
    "key": "110kV沙坝变电站",
    "doc_count": 12560
  },
  {
    "key": "220kV马井变电站",
    "doc_count": 12318
  },
  {
    "key": "500kV石棉变电站",
    "doc_count": 12253
  },
  {
    "key": "35kv河边变电站",
    "doc_count": 12215
  },
  {
    "key": "220kV曲山变电站",
    "doc_count": 12107
  },
  {
    "key": "110kV油房坝变电站",
    "doc_count": 12103
  },
  {
    "key": "110kV信义变电站",
    "doc_count": 11832
  },
  {
    "key": "500kV嘉州变电站",
    "doc_count": 11666
  },
  {
    "key": "220kV太和变电站",
    "doc_count": 11655
  },
  {
    "key": "110kV孝泉变电站",
    "doc_count": 11607
  },
  {
    "key": "110kV苏稽变电站",
    "doc_count": 11428
  },
  {
    "key": "500kV谭家湾变电站",
    "doc_count": 11135
  },
  {
    "key": "110kV德阳变电站",
    "doc_count": 10952
  },
  {
    "key": "220kV果州变电站",
    "doc_count": 10863
  },
  {
    "key": "110kV宋家垭变电站",
    "doc_count": 10759
  },
  {
    "key": "110kV黄甲变电站",
    "doc_count": 10576
  },
  {
    "key": "110kV园艺变电站",
    "doc_count": 10574
  },
  {
    "key": "110kV九江变电站",
    "doc_count": 10485
  },
  {
    "key": "110kV桂兴变电站",
    "doc_count": 10377
  },
  {
    "key": "220kV回龙变电站",
    "doc_count": 10268
  },
  {
    "key": "35kV保和变电站",
    "doc_count": 10265
  },
  {
    "key": "110kV文峰变电站",
    "doc_count": 9933
  },
  {
    "key": "110kV界牌变电站",
    "doc_count": 9787
  },
  {
    "key": "220kV安县变电站",
    "doc_count": 9773
  },
  {
    "key": "220kV夹江变电站",
    "doc_count": 9476
  },
  {
    "key": "110kV胜天变电站",
    "doc_count": 9450
  },
  {
    "key": "110kV猛追湾变电站",
    "doc_count": 9411
  },
  {
    "key": "220kV清音变电站",
    "doc_count": 9407
  },
  {
    "key": "110kV柏树林变电站",
    "doc_count": 9327
  },
  {
    "key": "110kV河口变电站",
    "doc_count": 9321
  },
  {
    "key": "110kV景峰变电站",
    "doc_count": 9039
  },
  {
    "key": "35kV双流变电站",
    "doc_count": 8946
  },
  {
    "key": "35kV梭罗变电站",
    "doc_count": 8897
  },
  {
    "key": "500kV石板箐变电站",
    "doc_count": 8884
  },
  {
    "key": "35kV德新变电站",
    "doc_count": 8871
  },
  {
    "key": "110kV五块石变电站",
    "doc_count": 8856
  },
  {
    "key": "220kV寿溪桥变电站",
    "doc_count": 8771
  },
  {
    "key": "35kV驯龙变电站",
    "doc_count": 8743
  },
  {
    "key": "220kV金鹅变电站",
    "doc_count": 8699
  },
  {
    "key": "110kV新华变电站",
    "doc_count": 8656
  },
  {
    "key": "35kV往子变电站",
    "doc_count": 8557
  },
  {
    "key": "220kV亭子变电站",
    "doc_count": 8538
  },
  {
    "key": "220kV永安变电站",
    "doc_count": 8508
  },
  {
    "key": "500kV新都桥变电站",
    "doc_count": 8421
  },
  {
    "key": "110kV大洲变电站",
    "doc_count": 8378
  },
  {
    "key": "500kV南天变电站",
    "doc_count": 8374
  },
  {
    "key": "110kV槐树店变电站",
    "doc_count": 8323
  },
  {
    "key": "220kV万福变电站",
    "doc_count": 8233
  },
  {
    "key": "500kV茂县变电站",
    "doc_count": 8229
  },
  {
    "key": "110kV双盛变电站",
    "doc_count": 8017
  },
  {
    "key": "220kV董家湾变电站",
    "doc_count": 7924
  },
  {
    "key": "110kV狐狸坡变电站",
    "doc_count": 7910
  },
  {
    "key": "110kV杨嘉变电站",
    "doc_count": 7843
  },
  {
    "key": "220kV连封变电站",
    "doc_count": 7778
  },
  {
    "key": "110kV驷马桥变电站",
    "doc_count": 7759
  },
  {
    "key": "110kV新桥变电站",
    "doc_count": 7738
  },
  {
    "key": "35kV天仙变电站",
    "doc_count": 7722
  },
  {
    "key": "500kV丹景变电站",
    "doc_count": 7622
  },
  {
    "key": "35kV况场变电站",
    "doc_count": 7621
  },
  {
    "key": "220kV马家变电站",
    "doc_count": 7584
  },
  {
    "key": "110kV桐子梁变电站",
    "doc_count": 7580
  },
  {
    "key": "220kV青龙山变电站",
    "doc_count": 7529
  },
  {
    "key": "110kV翁达变电站",
    "doc_count": 7506
  },
  {
    "key": "220kV棉丰变电站",
    "doc_count": 7497
  },
  {
    "key": "500kV尖山变电站",
    "doc_count": 7396
  },
  {
    "key": "220kV佛光变电站",
    "doc_count": 7395
  },
  {
    "key": "500kV月城变电站",
    "doc_count": 7394
  },
  {
    "key": "220kV孙家坝变电站",
    "doc_count": 7225
  },
  {
    "key": "220kV团结变电站",
    "doc_count": 7222
  },
  {
    "key": "110kV蜀秀变电站",
    "doc_count": 7217
  },
  {
    "key": "500kV九龙变电站",
    "doc_count": 7202
  },
  {
    "key": "110kV万春变电站",
    "doc_count": 7178
  },
  {
    "key": "35kV三界变电站",
    "doc_count": 7039
  },
  {
    "key": "500kV雅安变电站",
    "doc_count": 7035
  },
  {
    "key": "110kV绵竹变电站",
    "doc_count": 7007
  },
  {
    "key": "220kV高桥变电站",
    "doc_count": 6980
  },
  {
    "key": "110kV南塔变电站",
    "doc_count": 6952
  },
  {
    "key": "110kV体育城变电站",
    "doc_count": 6945
  },
  {
    "key": "110kV青龙变电站",
    "doc_count": 6924
  },
  {
    "key": "500kV路平变电站",
    "doc_count": 6924
  },
  {
    "key": "35kV白马变电站",
    "doc_count": 6870
  },
  {
    "key": "220kV西昌变电站",
    "doc_count": 6784
  },
  {
    "key": "220kV隆兴变电站",
    "doc_count": 6780
  },
  {
    "key": "220kV寿丰变电站",
    "doc_count": 6778
  },
  {
    "key": "110kV东风路变电站",
    "doc_count": 6740
  },
  {
    "key": "110kV杨家坝变电站",
    "doc_count": 6724
  },
  {
    "key": "110kV石板垭变电站",
    "doc_count": 6716
  },
  {
    "key": "110kV粉坊堰变电站",
    "doc_count": 6702
  },
  {
    "key": "110kV沿滩变电站",
    "doc_count": 6596
  },
  {
    "key": "500kV内江变电站",
    "doc_count": 6558
  },
  {
    "key": "220kV茶山变电站",
    "doc_count": 6543
  },
  {
    "key": "35kV通贤变电站",
    "doc_count": 6538
  },
  {
    "key": "110kV海科变电站",
    "doc_count": 6471
  },
  {
    "key": "110kV威南变电站",
    "doc_count": 6454
  },
  {
    "key": "220kV园湾变电站",
    "doc_count": 6437
  },
  {
    "key": "220kV乐德变电站",
    "doc_count": 6400
  },
  {
    "key": "35kV石桥变电站",
    "doc_count": 6356
  },
  {
    "key": "35kV双东变电站",
    "doc_count": 6348
  },
  {
    "key": "220kV向义变电站",
    "doc_count": 6336
  },
  {
    "key": "110kV将军碑变电站",
    "doc_count": 6321
  },
  {
    "key": "500kV水洛变电站",
    "doc_count": 6310
  },
  {
    "key": "220kV松柏变电站",
    "doc_count": 6283
  },
  {
    "key": "110kV黄土变电站",
    "doc_count": 6271
  },
  {
    "key": "220kV金牛变电站",
    "doc_count": 6176
  },
  {
    "key": "110kV两路口变电站",
    "doc_count": 6156
  },
  {
    "key": "110kV寨坡变电站",
    "doc_count": 6034
  },
  {
    "key": "220kV杨胡变电站",
    "doc_count": 5926
  },
  {
    "key": "220kV九里变电站",
    "doc_count": 5923
  },
  {
    "key": "110kV后山变电站",
    "doc_count": 5902
  },
  {
    "key": "220kV松林变电站",
    "doc_count": 5880
  },
  {
    "key": "220kV佳桥变电站",
    "doc_count": 5879
  },
  {
    "key": "110kV上西变电站",
    "doc_count": 5848
  },
  {
    "key": "110kV通江变电站",
    "doc_count": 5845
  },
  {
    "key": "110kV七里湾变电站",
    "doc_count": 5808
  },
  {
    "key": "35kV太平变电站",
    "doc_count": 5783
  },
  {
    "key": "220kV蓬安变电站",
    "doc_count": 5754
  },
  {
    "key": "220kV天明变电站",
    "doc_count": 5706
  },
  {
    "key": "35kV金桥变电站",
    "doc_count": 5666
  },
  {
    "key": "110kV继光变电站",
    "doc_count": 5581
  },
  {
    "key": "220kV海鸣变电站",
    "doc_count": 5562
  },
  {
    "key": "500kV泸州变电站",
    "doc_count": 5562
  },
  {
    "key": "500kV达州变电站",
    "doc_count": 5545
  },
  {
    "key": "110kV沈家桥变电站",
    "doc_count": 5526
  },
  {
    "key": "110kV双苏变电站",
    "doc_count": 5493
  },
  {
    "key": "500kV巴中变电站",
    "doc_count": 5396
  },
  {
    "key": "110kV林湾变电站",
    "doc_count": 5373
  },
  {
    "key": "110kV清平变电站",
    "doc_count": 5365
  },
  {
    "key": "220kV赤化变电站",
    "doc_count": 5331
  },
  {
    "key": "110kV东岳变电站",
    "doc_count": 5327
  },
  {
    "key": "220kV桥沟变电站",
    "doc_count": 5319
  },
  {
    "key": "110kV石渠变电站",
    "doc_count": 5312
  },
  {
    "key": "220kV平春变电站",
    "doc_count": 5254
  },
  {
    "key": "110kV甘洛变电站",
    "doc_count": 5226
  },
  {
    "key": "110kV天元变电站",
    "doc_count": 5222
  },
  {
    "key": "110kV革新变电站",
    "doc_count": 5174
  },
  {
    "key": "110kV城南变电站",
    "doc_count": 5146
  },
  {
    "key": "110kV梁原变电站",
    "doc_count": 5127
  },
  {
    "key": "220KV清河变电站",
    "doc_count": 5121
  },
  {
    "key": "110kV月亮湾变电站",
    "doc_count": 5111
  },
  {
    "key": "35kV水口变电站",
    "doc_count": 5111
  },
  {
    "key": "110kV铁佛变电站",
    "doc_count": 5081
  },
  {
    "key": "500kV平武变电站",
    "doc_count": 5037
  },
  {
    "key": "110kV太白变电站",
    "doc_count": 5036
  },
  {
    "key": "35kV顶山变电站",
    "doc_count": 4950
  },
  {
    "key": "500kV富乐变电站",
    "doc_count": 4950
  },
  {
    "key": "110kV泸北变电站",
    "doc_count": 4922
  },
  {
    "key": "220kV铜堡变电站",
    "doc_count": 4911
  },
  {
    "key": "110kV裴石变电站",
    "doc_count": 4867
  },
  {
    "key": "220kV双堰变电站",
    "doc_count": 4864
  },
  {
    "key": "110kV严湾变电站",
    "doc_count": 4857
  },
  {
    "key": "110kV达通马变电站",
    "doc_count": 4857
  },
  {
    "key": "110kV春晖变电站",
    "doc_count": 4837
  },
  {
    "key": "110kV犀浦变电站",
    "doc_count": 4820
  },
  {
    "key": "220kV白石岩变电站",
    "doc_count": 4759
  },
  {
    "key": "110kV繁江变电站",
    "doc_count": 4724
  },
  {
    "key": "35kV菜坝变电站",
    "doc_count": 4619
  },
  {
    "key": "220kV聚源变电站",
    "doc_count": 4618
  },
  {
    "key": "110kV稻城变电站",
    "doc_count": 4615
  },
  {
    "key": "220kV芭蕉变电站",
    "doc_count": 4600
  },
  {
    "key": "220kV苏场变电站",
    "doc_count": 4600
  },
  {
    "key": "220kV代市变电站",
    "doc_count": 4589
  },
  {
    "key": "220kV杜家湾变电站",
    "doc_count": 4572
  },
  {
    "key": "500kV桃乡变电站",
    "doc_count": 4564
  },
  {
    "key": "110kV乐寨变电站",
    "doc_count": 4558
  },
  {
    "key": "220kV江南变电站",
    "doc_count": 4558
  },
  {
    "key": "110kV共耕变电站",
    "doc_count": 4487
  },
  {
    "key": "220kV云绣变电站",
    "doc_count": 4430
  },
  {
    "key": "220kV汉塘变电站",
    "doc_count": 4356
  },
  {
    "key": "220kV小金变电站",
    "doc_count": 4263
  },
  {
    "key": "110kV同善桥变电站",
    "doc_count": 4257
  },
  {
    "key": "110kV大田变电站",
    "doc_count": 4241
  },
  {
    "key": "35kV太和变电站",
    "doc_count": 4234
  },
  {
    "key": "35kV固驿变电站",
    "doc_count": 4189
  },
  {
    "key": "110kV南溪变电站",
    "doc_count": 4169
  },
  {
    "key": "220kV丰收变电站",
    "doc_count": 4155
  },
  {
    "key": "110kV钓鱼台变电站",
    "doc_count": 4114
  },
  {
    "key": "35kV象鼻变电站",
    "doc_count": 4104
  },
  {
    "key": "500kV龙王变电站",
    "doc_count": 4017
  },
  {
    "key": "220kV岩神山变电站",
    "doc_count": 3984
  },
  {
    "key": "110kV江南变电站",
    "doc_count": 3969
  },
  {
    "key": "220kV大方变电站",
    "doc_count": 3965
  },
  {
    "key": "35kV山王变电站",
    "doc_count": 3958
  },
  {
    "key": "110kV巡场变电站",
    "doc_count": 3956
  },
  {
    "key": "110kV柳树变电站",
    "doc_count": 3947
  },
  {
    "key": "110kV阁溪桥变电站",
    "doc_count": 3923
  },
  {
    "key": "110kV东乡变电站",
    "doc_count": 3879
  },
  {
    "key": "110kV普河变电站",
    "doc_count": 3842
  },
  {
    "key": "110kV营山变电站",
    "doc_count": 3821
  },
  {
    "key": "35kV满井变电站",
    "doc_count": 3807
  },
  {
    "key": "110kV八角井变电站",
    "doc_count": 3794
  },
  {
    "key": "35kV永安变电站",
    "doc_count": 3781
  },
  {
    "key": "110kV蒲阳变电站",
    "doc_count": 3769
  },
  {
    "key": "110kV石马河变电站",
    "doc_count": 3758
  },
  {
    "key": "110kV南昆变电站",
    "doc_count": 3750
  },
  {
    "key": "110kV红旗变电站",
    "doc_count": 3718
  },
  {
    "key": "220kV建丰变电站",
    "doc_count": 3707
  },
  {
    "key": "35kV雪山变电站",
    "doc_count": 3691
  },
  {
    "key": "110kV长安桥变电站",
    "doc_count": 3689
  },
  {
    "key": "220kV北荆坝变电站",
    "doc_count": 3647
  },
  {
    "key": "35kV文星变电站",
    "doc_count": 3645
  },
  {
    "key": "220kV荆溪变电站",
    "doc_count": 3642
  },
  {
    "key": "500kV彭祖变电站",
    "doc_count": 3633
  },
  {
    "key": "110kV广汉变电站",
    "doc_count": 3631
  },
  {
    "key": "110kV望城变电站",
    "doc_count": 3614
  },
  {
    "key": "110kV彭溪变电站",
    "doc_count": 3558
  },
  {
    "key": "110KV幺滩变电站",
    "doc_count": 3544
  },
  {
    "key": "110kV木头变电站",
    "doc_count": 3542
  },
  {
    "key": "35KV城南变电站",
    "doc_count": 3540
  },
  {
    "key": "220kV核桃村变电站",
    "doc_count": 3534
  },
  {
    "key": "110kV清水变电站",
    "doc_count": 3522
  },
  {
    "key": "110kV滨西变电站",
    "doc_count": 3440
  },
  {
    "key": "110kV谢家变电站",
    "doc_count": 3411
  },
  {
    "key": "220kV文庙变电站",
    "doc_count": 3383
  },
  {
    "key": "110kV星辰变电站",
    "doc_count": 3364
  },
  {
    "key": "110kV王场变电站",
    "doc_count": 3364
  },
  {
    "key": "110kV龙观变电站",
    "doc_count": 3360
  },
  {
    "key": "220kV大面变电站",
    "doc_count": 3348
  },
  {
    "key": "35kV玉泉变电站",
    "doc_count": 3326
  },
  {
    "key": "35kV元山变电站",
    "doc_count": 3311
  },
  {
    "key": "110kV东升变电站",
    "doc_count": 3310
  },
  {
    "key": "110kV阆中变电站",
    "doc_count": 3286
  },
  {
    "key": "220kV新二村变电站",
    "doc_count": 3278
  },
  {
    "key": "220kV广惠变电站",
    "doc_count": 3274
  },
  {
    "key": "110kV龙桥变电站",
    "doc_count": 3264
  },
  {
    "key": "500kV康定变电站",
    "doc_count": 3262
  },
  {
    "key": "110kV文昌变电站",
    "doc_count": 3213
  },
  {
    "key": "35kV毗卢变电站",
    "doc_count": 3206
  },
  {
    "key": "110kV理塘变电站",
    "doc_count": 3192
  },
  {
    "key": "110kV魏城变电站",
    "doc_count": 3162
  },
  {
    "key": "110kV乔镇变电站",
    "doc_count": 3129
  },
  {
    "key": "110kV竹园变电站",
    "doc_count": 3122
  },
  {
    "key": "110kV鱼凫变电站",
    "doc_count": 3074
  },
  {
    "key": "35kV西河变电站",
    "doc_count": 3073
  },
  {
    "key": "110kV新津变电站",
    "doc_count": 3050
  },
  {
    "key": "220kV会理变电站",
    "doc_count": 3040
  },
  {
    "key": "35kV回龙变电站",
    "doc_count": 3032
  },
  {
    "key": "110kV花桥变电站",
    "doc_count": 3030
  },
  {
    "key": "110KV城南变电站",
    "doc_count": 2968
  },
  {
    "key": "220kV化工园变电站",
    "doc_count": 2961
  },
  {
    "key": "220kV石门变电站",
    "doc_count": 2959
  },
  {
    "key": "500kV黄岩变电站",
    "doc_count": 2953
  },
  {
    "key": "110kV万和变电站",
    "doc_count": 2947
  },
  {
    "key": "220kV苍溪变电站",
    "doc_count": 2861
  },
  {
    "key": "500kV昭化变电站",
    "doc_count": 2838
  },
  {
    "key": "110kV剑阁变电站",
    "doc_count": 2837
  },
  {
    "key": "110kV游仙变电站",
    "doc_count": 2836
  },
  {
    "key": "35kV大寨变电站",
    "doc_count": 2814
  },
  {
    "key": "220kV越西变电站",
    "doc_count": 2809
  },
  {
    "key": "500kV遂宁变电站",
    "doc_count": 2809
  },
  {
    "key": "220kV双桥子变电站",
    "doc_count": 2808
  },
  {
    "key": "110kV高新变电站",
    "doc_count": 2802
  },
  {
    "key": "110kV益州变电站",
    "doc_count": 2799
  },
  {
    "key": "110kV永康变电站",
    "doc_count": 2796
  },
  {
    "key": "110kV夹壁变电站",
    "doc_count": 2791
  },
  {
    "key": "35kV大河变电站",
    "doc_count": 2790
  },
  {
    "key": "220kV劲松变电站",
    "doc_count": 2787
  },
  {
    "key": "220kV徐家渡变电站",
    "doc_count": 2783
  },
  {
    "key": "110kV城北变电站",
    "doc_count": 2779
  },
  {
    "key": "110kV范家坡变电站",
    "doc_count": 2766
  },
  {
    "key": "35kV桥楼变电站",
    "doc_count": 2764
  },
  {
    "key": "110kV上游变电站",
    "doc_count": 2743
  },
  {
    "key": "220kV镇江变电站",
    "doc_count": 2722
  },
  {
    "key": "220kV临邛变电站",
    "doc_count": 2710
  },
  {
    "key": "110kV尼斯变电站",
    "doc_count": 2708
  },
  {
    "key": "220kV榆林变电站",
    "doc_count": 2703
  },
  {
    "key": "110kV白合变电站",
    "doc_count": 2697
  },
  {
    "key": "110kV道生灏变电站",
    "doc_count": 2691
  },
  {
    "key": "220kV甘孜变电站",
    "doc_count": 2690
  },
  {
    "key": "110kV松新变电站",
    "doc_count": 2684
  },
  {
    "key": "110kV玄滩变电站",
    "doc_count": 2684
  },
  {
    "key": "500kV南充变电站",
    "doc_count": 2681
  },
  {
    "key": "220kV新华变电站",
    "doc_count": 2676
  },
  {
    "key": "110kV红锋变电站",
    "doc_count": 2674
  },
  {
    "key": "110kV松涛变电站",
    "doc_count": 2669
  },
  {
    "key": "110kV山王庙变电站",
    "doc_count": 2668
  },
  {
    "key": "220kV王渡变电站",
    "doc_count": 2643
  },
  {
    "key": "35kV响滩变电站",
    "doc_count": 2629
  },
  {
    "key": "110kV绿洲变电站",
    "doc_count": 2612
  },
  {
    "key": "110kV黄舣变电站",
    "doc_count": 2581
  },
  {
    "key": "110kV陵江变电站",
    "doc_count": 2537
  },
  {
    "key": "110kV平乐变电站",
    "doc_count": 2528
  },
  {
    "key": "35kV箭竹变电站",
    "doc_count": 2481
  },
  {
    "key": "110kV老熊井变电站",
    "doc_count": 2475
  },
  {
    "key": "35kV白水河变电站",
    "doc_count": 2461
  },
  {
    "key": "35kV碑庙变电站",
    "doc_count": 2461
  },
  {
    "key": "110kV大塘变电站",
    "doc_count": 2444
  },
  {
    "key": "35kV茶店变电站",
    "doc_count": 2441
  },
  {
    "key": "110kV元石变电站",
    "doc_count": 2428
  },
  {
    "key": "220kV腾飞变电站",
    "doc_count": 2419
  },
  {
    "key": "110kV大树变电站",
    "doc_count": 2416
  },
  {
    "key": "110kV御营变电站",
    "doc_count": 2396
  },
  {
    "key": "110kV保光变电站",
    "doc_count": 2388
  },
  {
    "key": "110kV井研变电站",
    "doc_count": 2386
  },
  {
    "key": "35kV越溪变电站",
    "doc_count": 2365
  },
  {
    "key": "35kV土主变电站",
    "doc_count": 2356
  },
  {
    "key": "35kV禾丰变电站",
    "doc_count": 2339
  },
  {
    "key": "220kV秋月变电站",
    "doc_count": 2337
  },
  {
    "key": "110kV桂湖变电站",
    "doc_count": 2320
  },
  {
    "key": "35kV黄土变电站",
    "doc_count": 2311
  },
  {
    "key": "110kV回澜变电站",
    "doc_count": 2307
  },
  {
    "key": "110kV盘石变电站",
    "doc_count": 2304
  },
  {
    "key": "500kV普提变电站",
    "doc_count": 2293
  },
  {
    "key": "110kV杨家桥变电站",
    "doc_count": 2273
  },
  {
    "key": "35kV西兴变电站",
    "doc_count": 2273
  },
  {
    "key": "110kV苏码头变电站",
    "doc_count": 2271
  },
  {
    "key": "35kV柏隆变电站",
    "doc_count": 2268
  },
  {
    "key": "220kV余家变电站",
    "doc_count": 2262
  },
  {
    "key": "220kV青白江变电站",
    "doc_count": 2261
  },
  {
    "key": "110kV十里坝变电站",
    "doc_count": 2256
  },
  {
    "key": "110kV何场变电站",
    "doc_count": 2229
  },
  {
    "key": "35kV香楠变电站",
    "doc_count": 2225
  },
  {
    "key": "220kV雅江变电站",
    "doc_count": 2212
  },
  {
    "key": "110kV大佛寺变电站",
    "doc_count": 2210
  },
  {
    "key": "220kV东郊变电站",
    "doc_count": 2197
  },
  {
    "key": "110kV华阳变电站",
    "doc_count": 2196
  },
  {
    "key": "110kV光明变电站",
    "doc_count": 2193
  },
  {
    "key": "220kV沫水变电站",
    "doc_count": 2186
  },
  {
    "key": "110kV龙亭变电站",
    "doc_count": 2182
  },
  {
    "key": "500kV甘泉变电站",
    "doc_count": 2180
  },
  {
    "key": "110kV邻港变电站",
    "doc_count": 2163
  },
  {
    "key": "110kV黄河变电站",
    "doc_count": 2161
  },
  {
    "key": "110kV民和变电站",
    "doc_count": 2158
  },
  {
    "key": "110kV马道变电站",
    "doc_count": 2156
  },
  {
    "key": "35kV铁佛变电站",
    "doc_count": 2155
  },
  {
    "key": "110kV兴隆变电站",
    "doc_count": 2154
  },
  {
    "key": "110KV色达变电站",
    "doc_count": 2146
  },
  {
    "key": "110kV指挥街变电站",
    "doc_count": 2146
  },
  {
    "key": "110kV叙南变电站",
    "doc_count": 2141
  },
  {
    "key": "220kV柳池变电站",
    "doc_count": 2140
  },
  {
    "key": "35kV青义变电站",
    "doc_count": 2128
  },
  {
    "key": "35kV谷田变电站",
    "doc_count": 2127
  },
  {
    "key": "35kV正直变电站",
    "doc_count": 2098
  },
  {
    "key": "35kV永兴变电站",
    "doc_count": 2097
  },
  {
    "key": "110kV格里坪变电站",
    "doc_count": 2093
  },
  {
    "key": "110kV羊安变电站",
    "doc_count": 2093
  },
  {
    "key": "220kV二台山变电站",
    "doc_count": 2090
  },
  {
    "key": "110kV连界场变电站",
    "doc_count": 2071
  },
  {
    "key": "110kV吊黄楼变电站",
    "doc_count": 2069
  },
  {
    "key": "110kV拉咪变电站",
    "doc_count": 2064
  },
  {
    "key": "110kV城郊变电站",
    "doc_count": 2061
  },
  {
    "key": "110kV金华街变电站",
    "doc_count": 2061
  },
  {
    "key": "220kV凉水井变电站",
    "doc_count": 2059
  },
  {
    "key": "110kV任隆变电站",
    "doc_count": 2055
  },
  {
    "key": "35kV百合变电站",
    "doc_count": 2054
  },
  {
    "key": "110kV塔沱变电站",
    "doc_count": 2046
  },
  {
    "key": "110kV泸沽变电站",
    "doc_count": 2046
  },
  {
    "key": "35kV铁溪变电站",
    "doc_count": 2045
  },
  {
    "key": "220kV武侯变电站",
    "doc_count": 2044
  },
  {
    "key": "35kV罗坝变电站",
    "doc_count": 2038
  },
  {
    "key": "220kV雪峰变电站",
    "doc_count": 2026
  },
  {
    "key": "35kV新农变电站",
    "doc_count": 2022
  },
  {
    "key": "110kV宁华变电站",
    "doc_count": 1998
  },
  {
    "key": "110kV新丰变电站",
    "doc_count": 1994
  },
  {
    "key": "35kV木门变电站",
    "doc_count": 1978
  },
  {
    "key": "110kV天池变电站",
    "doc_count": 1970
  },
  {
    "key": "110kV佛殿变电站",
    "doc_count": 1969
  },
  {
    "key": "35kV涪阳变电站",
    "doc_count": 1938
  },
  {
    "key": "220kV应龙变电站",
    "doc_count": 1936
  },
  {
    "key": "220kV汶川开关站",
    "doc_count": 1929
  },
  {
    "key": "110kV白岩子变电站",
    "doc_count": 1925
  },
  {
    "key": "110kV黄土埂变电站",
    "doc_count": 1918
  },
  {
    "key": "110kV水洛河变电站",
    "doc_count": 1917
  },
  {
    "key": "35kV两河口变电站",
    "doc_count": 1917
  },
  {
    "key": "220kV万林变电站",
    "doc_count": 1914
  },
  {
    "key": "110kV科工园变电站",
    "doc_count": 1900
  },
  {
    "key": "110kV吉祥街变电站",
    "doc_count": 1898
  },
  {
    "key": "35kV小河变电站",
    "doc_count": 1893
  },
  {
    "key": "35kV洛哈变电站",
    "doc_count": 1890
  },
  {
    "key": "110kV万象变电站",
    "doc_count": 1887
  },
  {
    "key": "110kV南江变电站",
    "doc_count": 1881
  },
  {
    "key": "110kV禄加变电站",
    "doc_count": 1881
  },
  {
    "key": "110kV鸡石湾变电站",
    "doc_count": 1875
  },
  {
    "key": "110kV滨江变电站",
    "doc_count": 1870
  },
  {
    "key": "110kV西湖变电站",
    "doc_count": 1865
  },
  {
    "key": "35kV驷马变电站",
    "doc_count": 1859
  },
  {
    "key": "220kV盖家坪变电站",
    "doc_count": 1854
  },
  {
    "key": "110kV斑竹湾变电站",
    "doc_count": 1847
  },
  {
    "key": "110kV平地变电站",
    "doc_count": 1837
  },
  {
    "key": "110kV通顺变电站",
    "doc_count": 1836
  },
  {
    "key": "110kV公平变电站",
    "doc_count": 1834
  },
  {
    "key": "220kV东兴变电站",
    "doc_count": 1832
  },
  {
    "key": "110kV凤凰变电站",
    "doc_count": 1830
  },
  {
    "key": "110kV竹根变电站",
    "doc_count": 1821
  },
  {
    "key": "35kV洛坪变电站",
    "doc_count": 1801
  },
  {
    "key": "220kV复兴变电站",
    "doc_count": 1799
  },
  {
    "key": "35kV三锅石变电站",
    "doc_count": 1795
  },
  {
    "key": "110kV仙人桥变电站",
    "doc_count": 1782
  },
  {
    "key": "110kV宋家桥变电站",
    "doc_count": 1769
  },
  {
    "key": "110kV汉碑变电站",
    "doc_count": 1751
  },
  {
    "key": "110kV复兴变电站",
    "doc_count": 1729
  },
  {
    "key": "110kV胥家变电站",
    "doc_count": 1717
  },
  {
    "key": "220kV高石变电站",
    "doc_count": 1714
  },
  {
    "key": "110kV桐梓林变电站",
    "doc_count": 1712
  },
  {
    "key": "35kV圣灯变电站",
    "doc_count": 1709
  },
  {
    "key": "110kV云盘梁变电站",
    "doc_count": 1687
  },
  {
    "key": "110kV迤资变电站",
    "doc_count": 1686
  },
  {
    "key": "110kV张家口变电站",
    "doc_count": 1668
  },
  {
    "key": "110kV大益变电站",
    "doc_count": 1665
  },
  {
    "key": "110kV香格里拉站",
    "doc_count": 1658
  },
  {
    "key": "110kV中坝变电站",
    "doc_count": 1650
  },
  {
    "key": "110kV沙湾变电站",
    "doc_count": 1650
  },
  {
    "key": "110kV望城坡变电站",
    "doc_count": 1643
  },
  {
    "key": "220kV邓双变电站",
    "doc_count": 1639
  },
  {
    "key": "500kV色尔古变电站",
    "doc_count": 1635
  },
  {
    "key": "110kV石桥铺变电站",
    "doc_count": 1627
  },
  {
    "key": "220kV观井变电站",
    "doc_count": 1617
  },
  {
    "key": "220kV震东变电站",
    "doc_count": 1616
  },
  {
    "key": "220kV永郎变电站",
    "doc_count": 1592
  },
  {
    "key": "35kV清江变电站",
    "doc_count": 1588
  },
  {
    "key": "110kV洞子口变电站",
    "doc_count": 1587
  },
  {
    "key": "110kV资中变电站",
    "doc_count": 1587
  },
  {
    "key": "110kV张家寺变电站",
    "doc_count": 1586
  },
  {
    "key": "35kV中隆变电站",
    "doc_count": 1583
  },
  {
    "key": "35kV北坝变电站",
    "doc_count": 1580
  },
  {
    "key": "110kV炉霍变电站",
    "doc_count": 1569
  },
  {
    "key": "35kV凤凰变电站",
    "doc_count": 1569
  },
  {
    "key": "110kV桐子湾变电站",
    "doc_count": 1561
  },
  {
    "key": "110kV潮音变电站",
    "doc_count": 1556
  },
  {
    "key": "110kV高坡变电站",
    "doc_count": 1549
  },
  {
    "key": "110kV长卿变电站",
    "doc_count": 1542
  },
  {
    "key": "110kV金桥变电站",
    "doc_count": 1536
  },
  {
    "key": "110kV河西变电站",
    "doc_count": 1535
  },
  {
    "key": "110KV蓬莱变电站",
    "doc_count": 1530
  },
  {
    "key": "35kV贵民变电站",
    "doc_count": 1525
  },
  {
    "key": "110kV丰禾变电站",
    "doc_count": 1519
  },
  {
    "key": "110kV竹海变电站",
    "doc_count": 1515
  },
  {
    "key": "110kV天印山变电站",
    "doc_count": 1512
  },
  {
    "key": "220kV丰谷变电站",
    "doc_count": 1505
  },
  {
    "key": "110kV建新变电站",
    "doc_count": 1494
  },
  {
    "key": "110kV阳光变电站",
    "doc_count": 1494
  },
  {
    "key": "110kV恩阳变电站",
    "doc_count": 1477
  },
  {
    "key": "220kV永定桥变电站",
    "doc_count": 1475
  },
  {
    "key": "110kV甘溪变电站",
    "doc_count": 1473
  },
  {
    "key": "35kV南坝变电站",
    "doc_count": 1472
  },
  {
    "key": "35kV康家坝变电站",
    "doc_count": 1458
  },
  {
    "key": "220kV新石羊变电站",
    "doc_count": 1453
  },
  {
    "key": "110kV瑞云变电站",
    "doc_count": 1436
  },
  {
    "key": "35kV双汇变电站",
    "doc_count": 1432
  },
  {
    "key": "220kV昭觉寺变电站",
    "doc_count": 1423
  },
  {
    "key": "110kV城中变电站",
    "doc_count": 1414
  },
  {
    "key": "220kV蓉东变电站",
    "doc_count": 1414
  },
  {
    "key": "110kV绵阳变电站",
    "doc_count": 1411
  },
  {
    "key": "35kV渔溪变电站",
    "doc_count": 1411
  },
  {
    "key": "110kV清泉变电站",
    "doc_count": 1408
  },
  {
    "key": "220kV纳溪变电站",
    "doc_count": 1397
  },
  {
    "key": "35kV五宝变电站",
    "doc_count": 1397
  },
  {
    "key": "35kV曾口变电站",
    "doc_count": 1394
  },
  {
    "key": "35kV来凤变电站",
    "doc_count": 1391
  },
  {
    "key": "220kV爱国变电站",
    "doc_count": 1390
  },
  {
    "key": "110kV代家坝变电站",
    "doc_count": 1384
  },
  {
    "key": "110kV栗子坪变电站",
    "doc_count": 1383
  },
  {
    "key": "110kV子龙庙变电站",
    "doc_count": 1381
  },
  {
    "key": "110kV上板桥变电站",
    "doc_count": 1378
  },
  {
    "key": "500kV东坡变电站",
    "doc_count": 1375
  },
  {
    "key": "110kV小汉变电站",
    "doc_count": 1374
  },
  {
    "key": "110kV东骏变电站",
    "doc_count": 1371
  },
  {
    "key": "110kV冯嘴变电站",
    "doc_count": 1369
  },
  {
    "key": "220kV兴文变电站",
    "doc_count": 1356
  },
  {
    "key": "110kV南郊变电站",
    "doc_count": 1352
  },
  {
    "key": "110kV新城变电站",
    "doc_count": 1342
  },
  {
    "key": "110kV温家河变电站",
    "doc_count": 1342
  },
  {
    "key": "110kV风光变电站",
    "doc_count": 1339
  },
  {
    "key": "110kV松林坡变电站",
    "doc_count": 1332
  },
  {
    "key": "110kV前进变电站",
    "doc_count": 1331
  },
  {
    "key": "35kV观文变电站",
    "doc_count": 1330
  },
  {
    "key": "110kV叙永变电站",
    "doc_count": 1323
  },
  {
    "key": "110kV经久变电站",
    "doc_count": 1320
  },
  {
    "key": "35kV公民变电站",
    "doc_count": 1317
  },
  {
    "key": "500kV木里变电站",
    "doc_count": 1314
  },
  {
    "key": "35kV民胜变电站",
    "doc_count": 1312
  },
  {
    "key": "35kV文安变电站",
    "doc_count": 1310
  },
  {
    "key": "110kV鲁西变电站",
    "doc_count": 1308
  },
  {
    "key": "110kV塔子山变电站",
    "doc_count": 1307
  },
  {
    "key": "110kV籍田变电站",
    "doc_count": 1302
  },
  {
    "key": "35kV黄沙河变电站",
    "doc_count": 1301
  },
  {
    "key": "110kV园门变电站",
    "doc_count": 1297
  },
  {
    "key": "110kV西山变电站",
    "doc_count": 1297
  },
  {
    "key": "35kV碑木变电站",
    "doc_count": 1297
  },
  {
    "key": "110kV土主变电站",
    "doc_count": 1295
  },
  {
    "key": "110kV大观变电站",
    "doc_count": 1291
  },
  {
    "key": "110kV金马变电站",
    "doc_count": 1290
  },
  {
    "key": "35kV芦溪变电站",
    "doc_count": 1289
  },
  {
    "key": "35kV诺水河变电站",
    "doc_count": 1282
  },
  {
    "key": "220kV银江变电站",
    "doc_count": 1280
  },
  {
    "key": "500kV橄榄变电站",
    "doc_count": 1278
  },
  {
    "key": "35kV板栗变电站",
    "doc_count": 1272
  },
  {
    "key": "35kV兴隆变电站（双流）",
    "doc_count": 1270
  },
  {
    "key": "110KV蟠龙变电站",
    "doc_count": 1262
  },
  {
    "key": "220kV清波变电站",
    "doc_count": 1258
  },
  {
    "key": "110kV解放变电站",
    "doc_count": 1250
  },
  {
    "key": "110kV南坝子变电站",
    "doc_count": 1241
  },
  {
    "key": "110kV高店子变电站",
    "doc_count": 1238
  },
  {
    "key": "110kV正府街变电站",
    "doc_count": 1237
  },
  {
    "key": "110kV倒石桥变电站",
    "doc_count": 1228
  },
  {
    "key": "110kV浆洗街变电站",
    "doc_count": 1228
  },
  {
    "key": "500kV丹巴变电站",
    "doc_count": 1227
  },
  {
    "key": "220kV安顺桥变电站",
    "doc_count": 1217
  },
  {
    "key": "220kV草池变电站",
    "doc_count": 1215
  },
  {
    "key": "110kV仁寿变电站",
    "doc_count": 1210
  },
  {
    "key": "110kV擂鼓变电站",
    "doc_count": 1208
  },
  {
    "key": "110kV朝天变电站",
    "doc_count": 1208
  },
  {
    "key": "35kV佑君变电站",
    "doc_count": 1208
  },
  {
    "key": "110kV玉堂变电站",
    "doc_count": 1203
  },
  {
    "key": "35KV双凤变电站",
    "doc_count": 1192
  },
  {
    "key": "110kV安宁变电站",
    "doc_count": 1191
  },
  {
    "key": "220kV塘坎街变电站",
    "doc_count": 1183
  },
  {
    "key": "110kV石板变电站",
    "doc_count": 1176
  },
  {
    "key": "110kV黄田坝变电站",
    "doc_count": 1174
  },
  {
    "key": "110kV洪河变电站",
    "doc_count": 1173
  },
  {
    "key": "35kV管村变电站",
    "doc_count": 1173
  },
  {
    "key": "110kV金沙变电站",
    "doc_count": 1171
  },
  {
    "key": "110kV江安变电站",
    "doc_count": 1168
  },
  {
    "key": "220kV庙坪变电站",
    "doc_count": 1166
  },
  {
    "key": "110kV桅杆坝变电站",
    "doc_count": 1149
  },
  {
    "key": "110kV柳城变电站",
    "doc_count": 1145
  },
  {
    "key": "220kV盐源变电站",
    "doc_count": 1139
  },
  {
    "key": "220kV林庄变电站",
    "doc_count": 1137
  },
  {
    "key": "35kV鹫州变电站",
    "doc_count": 1133
  },
  {
    "key": "35kV大树变电站",
    "doc_count": 1132
  },
  {
    "key": "110kV苏坡变电站",
    "doc_count": 1130
  },
  {
    "key": "110kV卫桥变电站",
    "doc_count": 1127
  },
  {
    "key": "35kV罗江变电站",
    "doc_count": 1127
  },
  {
    "key": "35kV穆家埂变电站",
    "doc_count": 1116
  },
  {
    "key": "220kV全胜变电站",
    "doc_count": 1114
  },
  {
    "key": "110kV赵家湾变电站",
    "doc_count": 1113
  },
  {
    "key": "110kV枣垭变电站",
    "doc_count": 1111
  },
  {
    "key": "110kV凝祥变电站",
    "doc_count": 1108
  },
  {
    "key": "110kV宝轮变电站",
    "doc_count": 1107
  },
  {
    "key": "220kV会东变电站",
    "doc_count": 1107
  },
  {
    "key": "110kV方坪变电站",
    "doc_count": 1100
  },
  {
    "key": "220kV柏合变电站",
    "doc_count": 1099
  },
  {
    "key": "35kV城西变电站",
    "doc_count": 1094
  },
  {
    "key": "35kV高埂变电站",
    "doc_count": 1094
  },
  {
    "key": "35kV红花变电站",
    "doc_count": 1086
  },
  {
    "key": "110kV华润变电站",
    "doc_count": 1084
  },
  {
    "key": "110kV南市变电站",
    "doc_count": 1067
  },
  {
    "key": "110kV武安变电站",
    "doc_count": 1067
  },
  {
    "key": "35kV同德变电站",
    "doc_count": 1063
  },
  {
    "key": "35kV君塘变电站",
    "doc_count": 1059
  },
  {
    "key": "220kV冯冲湾变电站",
    "doc_count": 1054
  },
  {
    "key": "110kV塘汛变电站",
    "doc_count": 1048
  },
  {
    "key": "35kV三江变电站",
    "doc_count": 1047
  },
  {
    "key": "110kV小黑箐变电站",
    "doc_count": 1043
  },
  {
    "key": "110kV晋阳变电站",
    "doc_count": 1041
  },
  {
    "key": "220kV雷剑变电站",
    "doc_count": 1041
  },
  {
    "key": "220kV枣树变电站",
    "doc_count": 1040
  },
  {
    "key": "500kV乡城变电站",
    "doc_count": 1040
  },
  {
    "key": "110kV安富变电站",
    "doc_count": 1039
  },
  {
    "key": "35kV银厂变电站",
    "doc_count": 1035
  },
  {
    "key": "500kV甘谷地变电站",
    "doc_count": 1035
  },
  {
    "key": "110kV杨柳变电站",
    "doc_count": 1034
  },
  {
    "key": "110kV红星变电站",
    "doc_count": 1034
  },
  {
    "key": "110kV美泉变电站",
    "doc_count": 1034
  },
  {
    "key": "35kV禾加变电站",
    "doc_count": 1030
  },
  {
    "key": "110kV大勇变电站",
    "doc_count": 1029
  },
  {
    "key": "110kV简阳变电站",
    "doc_count": 1026
  },
  {
    "key": "110kV清溪变电站",
    "doc_count": 1025
  },
  {
    "key": "35kV英萃变电站",
    "doc_count": 1022
  },
  {
    "key": "110kV兰店变电站",
    "doc_count": 1021
  },
  {
    "key": "110kV二郎庙变电站",
    "doc_count": 1019
  },
  {
    "key": "110kV金堂变电站",
    "doc_count": 1016
  },
  {
    "key": "220kV铜牌变电站",
    "doc_count": 1016
  },
  {
    "key": "110kV大源变电站",
    "doc_count": 1014
  },
  {
    "key": "110kV西一环变电站",
    "doc_count": 1014
  },
  {
    "key": "110kV建中变电站",
    "doc_count": 1011
  },
  {
    "key": "220kV桐子林变电站",
    "doc_count": 1011
  },
  {
    "key": "35kV金溪变电站",
    "doc_count": 1010
  },
  {
    "key": "110kV三汇变电站",
    "doc_count": 1008
  },
  {
    "key": "110kV龙泉变电站",
    "doc_count": 1004
  },
  {
    "key": "110kV灯塔变电站",
    "doc_count": 1002
  },
  {
    "key": "35kV得胜变电站",
    "doc_count": 1002
  },
  {
    "key": "35kV笔山变电站",
    "doc_count": 1002
  },
  {
    "key": "35kV化成变电站",
    "doc_count": 998
  },
  {
    "key": "110kV杨柳垭变电站",
    "doc_count": 986
  },
  {
    "key": "110kV里庄变电站",
    "doc_count": 982
  },
  {
    "key": "35kV江北变电站",
    "doc_count": 981
  },
  {
    "key": "110kV杨路坪变电站",
    "doc_count": 975
  },
  {
    "key": "110kV永利变电站",
    "doc_count": 972
  },
  {
    "key": "220kV通川变电站",
    "doc_count": 969
  },
  {
    "key": "35kV城南变电站",
    "doc_count": 969
  },
  {
    "key": "110kV威远变电站",
    "doc_count": 968
  },
  {
    "key": "35kV沙溪变电站",
    "doc_count": 967
  },
  {
    "key": "110kV顺和变电站",
    "doc_count": 955
  },
  {
    "key": "110kV九都变电站",
    "doc_count": 954
  },
  {
    "key": "110kV动力变电站",
    "doc_count": 954
  },
  {
    "key": "220kV磨家梁变电站",
    "doc_count": 954
  },
  {
    "key": "35kV三星变电站",
    "doc_count": 954
  },
  {
    "key": "110kV望江楼变电站",
    "doc_count": 953
  },
  {
    "key": "110kV胡家变电站",
    "doc_count": 953
  },
  {
    "key": "35kV凉风变电站",
    "doc_count": 952
  },
  {
    "key": "110kV懒土坡变电站",
    "doc_count": 949
  },
  {
    "key": "110kV秀湖变电站",
    "doc_count": 948
  },
  {
    "key": "110kV彭家坝变电站",
    "doc_count": 946
  },
  {
    "key": "110kV灌县变电站",
    "doc_count": 946
  },
  {
    "key": "35KV天生变电站",
    "doc_count": 939
  },
  {
    "key": "35kV石佛变电站",
    "doc_count": 939
  },
  {
    "key": "35KV金竹变电站",
    "doc_count": 938
  },
  {
    "key": "110kV玉林变电站",
    "doc_count": 937
  },
  {
    "key": "110kV魏坪变电站",
    "doc_count": 936
  },
  {
    "key": "110kV新园变电站",
    "doc_count": 933
  },
  {
    "key": "110kV濛阳变电站",
    "doc_count": 932
  },
  {
    "key": "110kV石洞变电站",
    "doc_count": 929
  },
  {
    "key": "110kV三元变电站",
    "doc_count": 928
  },
  {
    "key": "110kV莲池变电站",
    "doc_count": 924
  },
  {
    "key": "220kV十陵变电站",
    "doc_count": 923
  },
  {
    "key": "35kV姚渡变电站",
    "doc_count": 922
  },
  {
    "key": "110kV下西变电站",
    "doc_count": 920
  },
  {
    "key": "110kV洪川变电站",
    "doc_count": 914
  },
  {
    "key": "110kV东兴变电站",
    "doc_count": 913
  },
  {
    "key": "35kV观音变电站",
    "doc_count": 913
  },
  {
    "key": "110kV双楠变电站",
    "doc_count": 909
  },
  {
    "key": "110kV万寿变电站",
    "doc_count": 905
  },
  {
    "key": "35kV花丛变电站",
    "doc_count": 899
  },
  {
    "key": "110kV邻水变电站",
    "doc_count": 897
  },
  {
    "key": "110kV大洲驿变电站",
    "doc_count": 896
  },
  {
    "key": "110kV圣灯变电站",
    "doc_count": 892
  },
  {
    "key": "35kV大石变电站",
    "doc_count": 891
  },
  {
    "key": "35kV弥陀变电站",
    "doc_count": 889
  },
  {
    "key": "110kV桃园变电站",
    "doc_count": 886
  },
  {
    "key": "110kV福泉变电站",
    "doc_count": 884
  },
  {
    "key": "110kV牛背山变电站",
    "doc_count": 883
  },
  {
    "key": "110kV红卫变电站",
    "doc_count": 881
  },
  {
    "key": "220kV玉观变电站",
    "doc_count": 881
  },
  {
    "key": "220kV河西变电站",
    "doc_count": 880
  },
  {
    "key": "220kV庄上变电站",
    "doc_count": 877
  },
  {
    "key": "35kV三道堰变电站",
    "doc_count": 875
  },
  {
    "key": "35kV金峰变电站",
    "doc_count": 872
  },
  {
    "key": "110kV淮口变电站",
    "doc_count": 868
  },
  {
    "key": "35kV桥头变电站",
    "doc_count": 867
  },
  {
    "key": "35kV凌家变电站",
    "doc_count": 859
  },
  {
    "key": "35KV玉峰变电站",
    "doc_count": 858
  },
  {
    "key": "110kV视高变电站",
    "doc_count": 856
  },
  {
    "key": "35kV西郊变电站",
    "doc_count": 856
  },
  {
    "key": "110kV七盘变电站",
    "doc_count": 855
  },
  {
    "key": "110kV福田变电站",
    "doc_count": 854
  },
  {
    "key": "110kV龙门变电站",
    "doc_count": 850
  },
  {
    "key": "110kV小湾变电站",
    "doc_count": 848
  },
  {
    "key": "110kV彩虹变电站",
    "doc_count": 848
  },
  {
    "key": "35kV高桥变电站",
    "doc_count": 847
  },
  {
    "key": "35kV茶坪变电站",
    "doc_count": 846
  },
  {
    "key": "110kV安曲变电站",
    "doc_count": 845
  },
  {
    "key": "110kV胜利变电站",
    "doc_count": 843
  },
  {
    "key": "35kV大腰变电站",
    "doc_count": 843
  },
  {
    "key": "110kV汇东变电站",
    "doc_count": 842
  },
  {
    "key": "220kV白沙变电站",
    "doc_count": 840
  },
  {
    "key": "110kV新牧马山变电站",
    "doc_count": 836
  },
  {
    "key": "220kV天宫庙变电站",
    "doc_count": 834
  },
  {
    "key": "110kV木林变电站",
    "doc_count": 830
  },
  {
    "key": "110kV庄店变电站",
    "doc_count": 826
  },
  {
    "key": "110kV玉带变电站",
    "doc_count": 825
  },
  {
    "key": "35kV青白江子变电站",
    "doc_count": 823
  },
  {
    "key": "110kV光辉变电站",
    "doc_count": 821
  },
  {
    "key": "110kV九里堤变电站",
    "doc_count": 816
  },
  {
    "key": "35kV崇义变电站",
    "doc_count": 815
  },
  {
    "key": "110kV海椒市变电站",
    "doc_count": 811
  },
  {
    "key": "110kV红房变电站",
    "doc_count": 810
  },
  {
    "key": "220kV长顺变电站",
    "doc_count": 810
  },
  {
    "key": "220kV长田变电站",
    "doc_count": 808
  },
  {
    "key": "110kV福宝变电站",
    "doc_count": 804
  },
  {
    "key": "35kV赶场变电站",
    "doc_count": 804
  },
  {
    "key": "110kV春风变电站",
    "doc_count": 803
  },
  {
    "key": "110kV马鞍山变电站",
    "doc_count": 802
  },
  {
    "key": "220kV文峰变电站",
    "doc_count": 799
  },
  {
    "key": "110kV樊哙变电站",
    "doc_count": 798
  },
  {
    "key": "220kV大同变电站",
    "doc_count": 797
  },
  {
    "key": "110kV棕树桥变电站",
    "doc_count": 796
  },
  {
    "key": "110kV筠连变电站",
    "doc_count": 791
  },
  {
    "key": "110kV镇子变电站",
    "doc_count": 791
  },
  {
    "key": "110kV青竹变电站",
    "doc_count": 787
  },
  {
    "key": "110kV化二变电站",
    "doc_count": 786
  },
  {
    "key": "220kV三圣变电站",
    "doc_count": 786
  },
  {
    "key": "110kV太清变电站",
    "doc_count": 780
  },
  {
    "key": "220kV天星变电站",
    "doc_count": 780
  },
  {
    "key": "35kV上马变电站",
    "doc_count": 778
  },
  {
    "key": "110kV三合变电站",
    "doc_count": 777
  },
  {
    "key": "110kV菜坝变电站",
    "doc_count": 774
  },
  {
    "key": "35kV老君变电站",
    "doc_count": 773
  },
  {
    "key": "35kV桃园变电站",
    "doc_count": 769
  },
  {
    "key": "110kV金江变电站",
    "doc_count": 767
  },
  {
    "key": "110kV崇州变电站",
    "doc_count": 765
  },
  {
    "key": "110kV鲁家变电站",
    "doc_count": 764
  },
  {
    "key": "35kV伍隍变电站",
    "doc_count": 763
  },
  {
    "key": "110kV大竹河变电站",
    "doc_count": 762
  },
  {
    "key": "110kV桐梓坝变电站",
    "doc_count": 758
  },
  {
    "key": "35kV望京变电站",
    "doc_count": 758
  },
  {
    "key": "110kV下涧槽变电站",
    "doc_count": 757
  },
  {
    "key": "110kV富加变电站",
    "doc_count": 757
  },
  {
    "key": "110kV中南环变电站",
    "doc_count": 754
  },
  {
    "key": "110kV中子变电站",
    "doc_count": 753
  },
  {
    "key": "110kV草堂变电站",
    "doc_count": 748
  },
  {
    "key": "110kV龙潭寺变电站",
    "doc_count": 748
  },
  {
    "key": "110kV莲花寺变电站",
    "doc_count": 742
  },
  {
    "key": "220kV孜岩变电站",
    "doc_count": 742
  },
  {
    "key": "220kV雷波变电站",
    "doc_count": 741
  },
  {
    "key": "35kV诺江变电站",
    "doc_count": 739
  },
  {
    "key": "110kV七里变电站",
    "doc_count": 738
  },
  {
    "key": "35kV兴隆变电站",
    "doc_count": 737
  },
  {
    "key": "220kV城南变电站",
    "doc_count": 735
  },
  {
    "key": "110kV齐家变电站",
    "doc_count": 733
  },
  {
    "key": "35kV咸安变电站",
    "doc_count": 732
  },
  {
    "key": "110kV洛须变电站",
    "doc_count": 731
  },
  {
    "key": "35kV城区变电站",
    "doc_count": 727
  },
  {
    "key": "110kV荔枝巷变电站",
    "doc_count": 726
  },
  {
    "key": "35kV石麟变电站",
    "doc_count": 725
  },
  {
    "key": "220kV先锋变电站",
    "doc_count": 724
  },
  {
    "key": "35kV乐坝变电站",
    "doc_count": 724
  },
  {
    "key": "110kV广济变电站",
    "doc_count": 722
  },
  {
    "key": "110kV太和变电站",
    "doc_count": 721
  },
  {
    "key": "35kV石龙变电站",
    "doc_count": 721
  },
  {
    "key": "110kV大湾变电站",
    "doc_count": 720
  },
  {
    "key": "220kv武胜变电站",
    "doc_count": 716
  },
  {
    "key": "110kV温家坪变电站",
    "doc_count": 714
  },
  {
    "key": "35kV水清变电站",
    "doc_count": 714
  },
  {
    "key": "110kV平政变电站",
    "doc_count": 713
  },
  {
    "key": "110kV海棠变电站",
    "doc_count": 712
  },
  {
    "key": "35kV千佛崖变电站",
    "doc_count": 712
  },
  {
    "key": "220kV扎窝变电站",
    "doc_count": 708
  },
  {
    "key": "35kV千佛变电站",
    "doc_count": 708
  },
  {
    "key": "35kV大营变电站",
    "doc_count": 706
  },
  {
    "key": "35kV龙马变电站",
    "doc_count": 701
  },
  {
    "key": "35kV中山变电站",
    "doc_count": 699
  },
  {
    "key": "110kV红桥变电站",
    "doc_count": 696
  },
  {
    "key": "35kV大坝变电站",
    "doc_count": 696
  },
  {
    "key": "110kV周家变电站",
    "doc_count": 693
  },
  {
    "key": "110kV红坝变电站",
    "doc_count": 691
  },
  {
    "key": "110kV草池变电站",
    "doc_count": 691
  },
  {
    "key": "110kV杨家湾变电站",
    "doc_count": 682
  },
  {
    "key": "35kV大田变电站",
    "doc_count": 681
  },
  {
    "key": "35kV苟家垭变电站",
    "doc_count": 680
  },
  {
    "key": "110kV分水岭变电站",
    "doc_count": 678
  },
  {
    "key": "35kV阿七变电站",
    "doc_count": 675
  },
  {
    "key": "110kV皂角变电站",
    "doc_count": 674
  },
  {
    "key": "35kV五里山变电站",
    "doc_count": 672
  },
  {
    "key": "35kV玉河变电站",
    "doc_count": 672
  },
  {
    "key": "110kV龙女变电站",
    "doc_count": 670
  },
  {
    "key": "35kV麻石变电站",
    "doc_count": 669
  },
  {
    "key": "35kV龙虎变电站",
    "doc_count": 668
  },
  {
    "key": "35kV界市变电站",
    "doc_count": 666
  },
  {
    "key": "110kV平桥变电站",
    "doc_count": 662
  },
  {
    "key": "35kV水田坝变电站",
    "doc_count": 662
  },
  {
    "key": "110KV丹棱变电站",
    "doc_count": 660
  },
  {
    "key": "110kV熊家变电站",
    "doc_count": 660
  },
  {
    "key": "110kV乐山变电站",
    "doc_count": 657
  },
  {
    "key": "110kV泸湖变电站",
    "doc_count": 657
  },
  {
    "key": "35kV横山变电站",
    "doc_count": 655
  },
  {
    "key": "110KV正兴变电站",
    "doc_count": 653
  },
  {
    "key": "35KV飞龙变电站",
    "doc_count": 652
  },
  {
    "key": "110kV庄园变电站",
    "doc_count": 651
  },
  {
    "key": "110kV天彭变电站",
    "doc_count": 648
  },
  {
    "key": "110kV火花变电站",
    "doc_count": 647
  },
  {
    "key": "110kV淌塘变电站",
    "doc_count": 646
  },
  {
    "key": "35kV堡子变电站",
    "doc_count": 646
  },
  {
    "key": "35kV文宫变电站",
    "doc_count": 643
  },
  {
    "key": "220kV仪陇变电站",
    "doc_count": 639
  },
  {
    "key": "110kV新房子变电站",
    "doc_count": 637
  },
  {
    "key": "110kV李庄变电站",
    "doc_count": 634
  },
  {
    "key": "110kV东北变电站",
    "doc_count": 633
  },
  {
    "key": "35kV兴隆变电站（崇州）",
    "doc_count": 633
  },
  {
    "key": "35kV洪口变电站",
    "doc_count": 630
  },
  {
    "key": "110kV高庆变电站",
    "doc_count": 626
  },
  {
    "key": "35kV桑园变电站",
    "doc_count": 624
  },
  {
    "key": "110kV石盘变电站",
    "doc_count": 621
  },
  {
    "key": "35kV自强变电站",
    "doc_count": 621
  },
  {
    "key": "35kV大村变电站",
    "doc_count": 617
  },
  {
    "key": "110kV沐浴变电站",
    "doc_count": 616
  },
  {
    "key": "35kV宣汉变电站",
    "doc_count": 615
  },
  {
    "key": "500kV沐溪变电站",
    "doc_count": 615
  },
  {
    "key": "110kV安平变电站",
    "doc_count": 614
  },
  {
    "key": "110kV三堆变电站",
    "doc_count": 607
  },
  {
    "key": "35kV成山变电站",
    "doc_count": 605
  },
  {
    "key": "35kV渡口变电站",
    "doc_count": 600
  },
  {
    "key": "110kV长岭变电站",
    "doc_count": 599
  },
  {
    "key": "110kV麦尔玛变电站",
    "doc_count": 599
  },
  {
    "key": "220kV下孟变电站",
    "doc_count": 599
  },
  {
    "key": "35kV长裕变电站",
    "doc_count": 592
  },
  {
    "key": "35kV天台变电站",
    "doc_count": 589
  },
  {
    "key": "35kV石瓮变电站",
    "doc_count": 588
  },
  {
    "key": "220kV鱼凫变电站",
    "doc_count": 587
  },
  {
    "key": "220kV发展变电站",
    "doc_count": 586
  },
  {
    "key": "110kV勤俭变电站",
    "doc_count": 585
  },
  {
    "key": "220kV沙坝变电站",
    "doc_count": 585
  },
  {
    "key": "35kV成佳变电站",
    "doc_count": 583
  },
  {
    "key": "35kV文胜变电站",
    "doc_count": 583
  },
  {
    "key": "35kV隆昌变电站",
    "doc_count": 582
  },
  {
    "key": "220kV安宁变电站",
    "doc_count": 581
  },
  {
    "key": "110kV马河变电站",
    "doc_count": 576
  },
  {
    "key": "110kV龙马潭变电站",
    "doc_count": 574
  },
  {
    "key": "110kV岳阳变电站",
    "doc_count": 566
  },
  {
    "key": "110kV河石坝变电站",
    "doc_count": 566
  },
  {
    "key": "110kV青城山变电站",
    "doc_count": 566
  },
  {
    "key": "35kV全福变电站",
    "doc_count": 566
  },
  {
    "key": "110kV小山变电站",
    "doc_count": 565
  },
  {
    "key": "35kv陈家变电站",
    "doc_count": 565
  },
  {
    "key": "35kV至诚变电站",
    "doc_count": 564
  },
  {
    "key": "35kV普威变电站",
    "doc_count": 563
  },
  {
    "key": "110kV石梯变电站",
    "doc_count": 561
  },
  {
    "key": "110kV穿心店变电站",
    "doc_count": 559
  },
  {
    "key": "110kV大石桥变电站",
    "doc_count": 557
  },
  {
    "key": "35kV金宝变电站",
    "doc_count": 555
  },
  {
    "key": "110kV麻石桥变电站",
    "doc_count": 554
  },
  {
    "key": "35kV烟溪变电站",
    "doc_count": 553
  },
  {
    "key": "35kV邹家嘴变电站",
    "doc_count": 553
  },
  {
    "key": "110kV德源变电站",
    "doc_count": 552
  },
  {
    "key": "110kV小枧变电站",
    "doc_count": 547
  },
  {
    "key": "35KV太平变电站",
    "doc_count": 547
  },
  {
    "key": "35kV城东变电站",
    "doc_count": 546
  },
  {
    "key": "110kV天涯石变电站",
    "doc_count": 542
  },
  {
    "key": "110kV铁牛变电站",
    "doc_count": 542
  },
  {
    "key": "110kV航空港变电站",
    "doc_count": 541
  },
  {
    "key": "110kV文武变电站",
    "doc_count": 540
  },
  {
    "key": "110kV九华变电站",
    "doc_count": 536
  },
  {
    "key": "35kV兜山变电站",
    "doc_count": 536
  },
  {
    "key": "35kV东观变电站",
    "doc_count": 535
  },
  {
    "key": "35kV桂花山变电站",
    "doc_count": 535
  },
  {
    "key": "110kV天健变电站",
    "doc_count": 534
  },
  {
    "key": "110kV古蔺变电站",
    "doc_count": 532
  },
  {
    "key": "35kV玉山变电站",
    "doc_count": 531
  },
  {
    "key": "220kV袁家坝变电站",
    "doc_count": 530
  },
  {
    "key": "35kV城厢变电站",
    "doc_count": 530
  },
  {
    "key": "35kV麻柳变电站",
    "doc_count": 529
  },
  {
    "key": "110kV文庙街变电站",
    "doc_count": 527
  },
  {
    "key": "110kV普明变电站",
    "doc_count": 526
  },
  {
    "key": "35kV嘉川变电站",
    "doc_count": 525
  },
  {
    "key": "110kV垭口变电站",
    "doc_count": 519
  },
  {
    "key": "35kV黎雅变电站",
    "doc_count": 517
  },
  {
    "key": "35kV潆溪变电站",
    "doc_count": 516
  },
  {
    "key": "110kV龙凤变电站",
    "doc_count": 514
  },
  {
    "key": "110kV新皂变电站",
    "doc_count": 513
  },
  {
    "key": "110kV石亭江变电站",
    "doc_count": 513
  },
  {
    "key": "110kV三河变电站",
    "doc_count": 512
  },
  {
    "key": "110kV和平街变电站",
    "doc_count": 510
  },
  {
    "key": "35kV打古变电站",
    "doc_count": 507
  },
  {
    "key": "110kV金山变电站",
    "doc_count": 503
  },
  {
    "key": "110kV大渡变电站",
    "doc_count": 500
  },
  {
    "key": "35kV慧觉变电站",
    "doc_count": 499
  },
  {
    "key": "110kV燕子山变电站",
    "doc_count": 490
  },
  {
    "key": "35kV魏家洞变电站",
    "doc_count": 484
  },
  {
    "key": "110kV贾家变电站",
    "doc_count": 482
  },
  {
    "key": "35kV喻寺变电站",
    "doc_count": 480
  },
  {
    "key": "35kV青花变电站",
    "doc_count": 480
  },
  {
    "key": "35kV高场变电站",
    "doc_count": 479
  },
  {
    "key": "110kV双龙埂变电站",
    "doc_count": 478
  },
  {
    "key": "110kV土桥变电站",
    "doc_count": 477
  },
  {
    "key": "110kV寿安变电站",
    "doc_count": 477
  },
  {
    "key": "110kV甘霖变电站",
    "doc_count": 476
  },
  {
    "key": "220kV施家坪变电站",
    "doc_count": 472
  },
  {
    "key": "35kV斯力沟变电站",
    "doc_count": 472
  },
  {
    "key": "110kV普安变电站",
    "doc_count": 471
  },
  {
    "key": "220kV毛家湾变电站",
    "doc_count": 471
  },
  {
    "key": "35kV西清变电站",
    "doc_count": 471
  },
  {
    "key": "110kV板仓变电站",
    "doc_count": 468
  },
  {
    "key": "35kV城郊变电站",
    "doc_count": 468
  },
  {
    "key": "110kV嘉农变电站",
    "doc_count": 467
  },
  {
    "key": "110kV雍店变电站",
    "doc_count": 467
  },
  {
    "key": "110kV思蒙变电站",
    "doc_count": 464
  },
  {
    "key": "35kV塔水变电站",
    "doc_count": 463
  },
  {
    "key": "35kV祥符变电站",
    "doc_count": 463
  },
  {
    "key": "35kV长赤变电站",
    "doc_count": 463
  },
  {
    "key": "110kV经纬变电站",
    "doc_count": 462
  },
  {
    "key": "110kV城西变电站",
    "doc_count": 460
  },
  {
    "key": "35kV大丰变电站",
    "doc_count": 458
  },
  {
    "key": "110kV仙鹤变电站",
    "doc_count": 457
  },
  {
    "key": "110kV通悦变电站",
    "doc_count": 456
  },
  {
    "key": "35kV道明变电站",
    "doc_count": 456
  },
  {
    "key": "35kV普润变电站",
    "doc_count": 455
  },
  {
    "key": "35kV许州变电站",
    "doc_count": 454
  },
  {
    "key": "35kV南郊变电站",
    "doc_count": 453
  },
  {
    "key": "35KV普湾变电站",
    "doc_count": 448
  },
  {
    "key": "35kV丙谷变电站",
    "doc_count": 444
  },
  {
    "key": "110kV车子变电站",
    "doc_count": 442
  },
  {
    "key": "110kV杨公庙变电站",
    "doc_count": 441
  },
  {
    "key": "110kV香树变电站",
    "doc_count": 439
  },
  {
    "key": "220kV天井坎变电站",
    "doc_count": 438
  },
  {
    "key": "110kV桂溪变电站",
    "doc_count": 436
  },
  {
    "key": "220kV草坝变电站",
    "doc_count": 435
  },
  {
    "key": "110kV东风变电站",
    "doc_count": 430
  },
  {
    "key": "35kV厂溪变电站",
    "doc_count": 429
  },
  {
    "key": "110kV中里变电站",
    "doc_count": 428
  },
  {
    "key": "35kV冠英变电站",
    "doc_count": 428
  },
  {
    "key": "220kV舒平变电站",
    "doc_count": 427
  },
  {
    "key": "35kV白节变电站",
    "doc_count": 425
  },
  {
    "key": "35kV大山铺变电站",
    "doc_count": 423
  },
  {
    "key": "110kV尚义变电站",
    "doc_count": 421
  },
  {
    "key": "35kV龙会变电站",
    "doc_count": 421
  },
  {
    "key": "220kV郭家堰变电站",
    "doc_count": 418
  },
  {
    "key": "110kV龙山变电站",
    "doc_count": 417
  },
  {
    "key": "220kV梓桐变电站",
    "doc_count": 417
  },
  {
    "key": "110kV南湖变电站",
    "doc_count": 414
  },
  {
    "key": "220kV金星变电站",
    "doc_count": 414
  },
  {
    "key": "35kV天木变电站",
    "doc_count": 410
  },
  {
    "key": "35kV集益变电站",
    "doc_count": 408
  },
  {
    "key": "35kV八步变电站",
    "doc_count": 407
  },
  {
    "key": "35kV邱家变电站",
    "doc_count": 405
  },
  {
    "key": "35kV象耳变电站",
    "doc_count": 403
  },
  {
    "key": "110kV铝城变电站",
    "doc_count": 401
  },
  {
    "key": "110kV仁里变电站",
    "doc_count": 400
  },
  {
    "key": "220kV静云变电站",
    "doc_count": 400
  },
  {
    "key": "35kV竹园变电站",
    "doc_count": 400
  },
  {
    "key": "35kV苏家湾变电站",
    "doc_count": 399
  },
  {
    "key": "110kV沙坪变电站",
    "doc_count": 395
  },
  {
    "key": "110kV双堰变电站",
    "doc_count": 394
  },
  {
    "key": "110kV宝严变电站",
    "doc_count": 393
  },
  {
    "key": "110kV柏林变电站",
    "doc_count": 393
  },
  {
    "key": "110kV方水变电站",
    "doc_count": 392
  },
  {
    "key": "35kV杨场变电站",
    "doc_count": 392
  },
  {
    "key": "35kV平滩变电站",
    "doc_count": 391
  },
  {
    "key": "35kV东岳变电站",
    "doc_count": 389
  },
  {
    "key": "110kV桂花变电站",
    "doc_count": 388
  },
  {
    "key": "110kV荣县变电站",
    "doc_count": 388
  },
  {
    "key": "35kV高梁变电站",
    "doc_count": 386
  },
  {
    "key": "220kV渠县变电站",
    "doc_count": 385
  },
  {
    "key": "110kV金龙变电站",
    "doc_count": 384
  },
  {
    "key": "110kV长土变电站",
    "doc_count": 382
  },
  {
    "key": "35kV白沙变电站",
    "doc_count": 382
  },
  {
    "key": "220kV大康变电站",
    "doc_count": 379
  },
  {
    "key": "35kV沉抗变电站",
    "doc_count": 378
  },
  {
    "key": "35kV观山变电站",
    "doc_count": 378
  },
  {
    "key": "35kV金李井变电站",
    "doc_count": 375
  },
  {
    "key": "110kV沙埂变电站",
    "doc_count": 374
  },
  {
    "key": "220kV龙头变电站",
    "doc_count": 373
  },
  {
    "key": "35kV符溪变电站",
    "doc_count": 373
  },
  {
    "key": "35kV沙滩变电站",
    "doc_count": 371
  },
  {
    "key": "35kV何市变电站",
    "doc_count": 368
  },
  {
    "key": "35kV羊木变电站",
    "doc_count": 368
  },
  {
    "key": "220kV槽木变电站",
    "doc_count": 367
  },
  {
    "key": "35kV中兴变电站",
    "doc_count": 367
  },
  {
    "key": "35kV云台变电站",
    "doc_count": 367
  },
  {
    "key": "35kV刘家变电站",
    "doc_count": 362
  },
  {
    "key": "110kV青龙坡变电站",
    "doc_count": 355
  },
  {
    "key": "35kV新安变电站",
    "doc_count": 355
  },
  {
    "key": "35kV林家坝变电站",
    "doc_count": 355
  },
  {
    "key": "35kV青岗变电站",
    "doc_count": 354
  },
  {
    "key": "110kV沙窝子变电站",
    "doc_count": 352
  },
  {
    "key": "35kV东溪变电站",
    "doc_count": 352
  },
  {
    "key": "35kV杨柳变电站",
    "doc_count": 349
  },
  {
    "key": "35kV牛华变电站",
    "doc_count": 348
  },
  {
    "key": "35kV西来变电站",
    "doc_count": 348
  },
  {
    "key": "35kV长乐变电站",
    "doc_count": 346
  },
  {
    "key": "35kV大石盘变电站",
    "doc_count": 342
  },
  {
    "key": "35kV紫东钛变电站",
    "doc_count": 342
  },
  {
    "key": "110kV胜邦变电站",
    "doc_count": 341
  },
  {
    "key": "35kV磁峰变电站",
    "doc_count": 341
  },
  {
    "key": "110kV锁江变电站",
    "doc_count": 340
  },
  {
    "key": "35kV养马河变电站",
    "doc_count": 339
  },
  {
    "key": "35kV马村变电站",
    "doc_count": 337
  },
  {
    "key": "110kV高县变电站",
    "doc_count": 334
  },
  {
    "key": "35kV大佛变电站",
    "doc_count": 332
  },
  {
    "key": "110kv回马变电站",
    "doc_count": 331
  },
  {
    "key": "35kV郝家坝变电站",
    "doc_count": 331
  },
  {
    "key": "35kV青平变电站",
    "doc_count": 331
  },
  {
    "key": "110kV高峰变电站",
    "doc_count": 329
  },
  {
    "key": "35kV高兴变电站",
    "doc_count": 329
  },
  {
    "key": "110kV北湖变电站",
    "doc_count": 326
  },
  {
    "key": "220kV观胜变电站",
    "doc_count": 326
  },
  {
    "key": "110kV骑龙变电站",
    "doc_count": 322
  },
  {
    "key": "35kV毛坝变电站",
    "doc_count": 317
  },
  {
    "key": "110kV木岗变电站",
    "doc_count": 316
  },
  {
    "key": "110kV连云变电站",
    "doc_count": 316
  },
  {
    "key": "110kV沈村变电站",
    "doc_count": 315
  },
  {
    "key": "35kV周坡变电站",
    "doc_count": 313
  },
  {
    "key": "110kV石广东变电站",
    "doc_count": 312
  },
  {
    "key": "110kV武都变电站",
    "doc_count": 311
  },
  {
    "key": "35kV兰田变电站",
    "doc_count": 311
  },
  {
    "key": "110kV尖子山变电站",
    "doc_count": 310
  },
  {
    "key": "35KV胡刘变电站",
    "doc_count": 310
  },
  {
    "key": "35kV天池变电站",
    "doc_count": 310
  },
  {
    "key": "110kV石家桥变电站",
    "doc_count": 309
  },
  {
    "key": "35kV福田变电站",
    "doc_count": 307
  },
  {
    "key": "110kV双碑变电站",
    "doc_count": 306
  },
  {
    "key": "35kV丰乐变电站",
    "doc_count": 306
  },
  {
    "key": "35kV清水变电站",
    "doc_count": 303
  },
  {
    "key": "110kV柏杨坪变电站",
    "doc_count": 301
  },
  {
    "key": "35kV胜利变电站",
    "doc_count": 301
  },
  {
    "key": "35kV唐家寺变电站",
    "doc_count": 300
  },
  {
    "key": "35kV广纳变电站",
    "doc_count": 299
  },
  {
    "key": "110kV秀水变电站",
    "doc_count": 298
  },
  {
    "key": "35kV周礼变电站",
    "doc_count": 295
  },
  {
    "key": "35kV黑龙变电站",
    "doc_count": 289
  },
  {
    "key": "35kV和平变电站",
    "doc_count": 287
  },
  {
    "key": "35kV陈家滩变电站",
    "doc_count": 287
  },
  {
    "key": "110kV罗庙变电站",
    "doc_count": 286
  },
  {
    "key": "110kV银杏变电站",
    "doc_count": 286
  },
  {
    "key": "35kV北山变电站",
    "doc_count": 286
  },
  {
    "key": "35KV义兴变电站",
    "doc_count": 284
  },
  {
    "key": "35kV关路变电站",
    "doc_count": 283
  },
  {
    "key": "110kV星和变电站",
    "doc_count": 282
  },
  {
    "key": "220kV百胜变电站",
    "doc_count": 281
  },
  {
    "key": "110kV白丝街变电站",
    "doc_count": 280
  },
  {
    "key": "35kV新权变电站",
    "doc_count": 280
  },
  {
    "key": "110kV牌楼变电站",
    "doc_count": 279
  },
  {
    "key": "35kV合流变电站",
    "doc_count": 279
  },
  {
    "key": "35kV新场变电站",
    "doc_count": 278
  },
  {
    "key": "35kV鱼塘变电站",
    "doc_count": 278
  },
  {
    "key": "110kV河堰变电站",
    "doc_count": 276
  },
  {
    "key": "35kV福善变电站",
    "doc_count": 276
  },
  {
    "key": "35kV石子变电站",
    "doc_count": 275
  },
  {
    "key": "35kV长河变电站",
    "doc_count": 275
  },
  {
    "key": "110kV丹景变电站",
    "doc_count": 274
  },
  {
    "key": "110kV沿江变电站",
    "doc_count": 274
  },
  {
    "key": "35kV峰城变电站",
    "doc_count": 274
  },
  {
    "key": "35kV元通变电站",
    "doc_count": 271
  },
  {
    "key": "35kV双石变电站",
    "doc_count": 270
  },
  {
    "key": "220kV水晶变电站",
    "doc_count": 268
  },
  {
    "key": "35kV渡市变电站",
    "doc_count": 268
  },
  {
    "key": "35kV豆坝变电站",
    "doc_count": 268
  },
  {
    "key": "35kV金刚变电站",
    "doc_count": 268
  },
  {
    "key": "110kV汇西变电站",
    "doc_count": 266
  },
  {
    "key": "110kV花溪变电站",
    "doc_count": 266
  },
  {
    "key": "35kV双古变电站",
    "doc_count": 266
  },
  {
    "key": "110kV清凉变电站",
    "doc_count": 262
  },
  {
    "key": "35kV留耕变电站",
    "doc_count": 262
  },
  {
    "key": "110kV凉沙变电站",
    "doc_count": 260
  },
  {
    "key": "110kV小亭变电站",
    "doc_count": 260
  },
  {
    "key": "35kV两河变电站",
    "doc_count": 260
  },
  {
    "key": "110kV米易变电站",
    "doc_count": 258
  },
  {
    "key": "220kV曹家寺变电站",
    "doc_count": 258
  },
  {
    "key": "35kV安德变电站",
    "doc_count": 258
  },
  {
    "key": "35kV洪山变电站",
    "doc_count": 258
  },
  {
    "key": "35kV沙渠变电站",
    "doc_count": 256
  },
  {
    "key": "110kV东柳变电站",
    "doc_count": 253
  },
  {
    "key": "110kV临巴变电站",
    "doc_count": 253
  },
  {
    "key": "110kV何店变电站",
    "doc_count": 251
  },
  {
    "key": "110kV郫筒变电站",
    "doc_count": 251
  },
  {
    "key": "110kV银山变电站",
    "doc_count": 251
  },
  {
    "key": "110kV堰坝变电站",
    "doc_count": 249
  },
  {
    "key": "110kV双林变电站",
    "doc_count": 248
  },
  {
    "key": "35kV宋家坪变电站",
    "doc_count": 248
  },
  {
    "key": "35kV永寿变电站",
    "doc_count": 248
  },
  {
    "key": "35kV夹关变电站",
    "doc_count": 244
  },
  {
    "key": "35kV忠兴变电站",
    "doc_count": 244
  },
  {
    "key": "35kV柏林变电站",
    "doc_count": 244
  },
  {
    "key": "110kV密地变电站",
    "doc_count": 243
  },
  {
    "key": "35kV曾家变电站",
    "doc_count": 242
  },
  {
    "key": "35kV茶扎变电站",
    "doc_count": 242
  },
  {
    "key": "220kV宝飞变电站",
    "doc_count": 241
  },
  {
    "key": "35kV许家变电站",
    "doc_count": 241
  },
  {
    "key": "35kV双河变电站",
    "doc_count": 240
  },
  {
    "key": "35kV清香坪变电站",
    "doc_count": 240
  },
  {
    "key": "35kV天马变电站",
    "doc_count": 239
  },
  {
    "key": "110kV徐家桥变电站",
    "doc_count": 238
  },
  {
    "key": "110kV方斗变电站",
    "doc_count": 238
  },
  {
    "key": "110kV红牌楼变电站",
    "doc_count": 238
  },
  {
    "key": "35kV李家变电站",
    "doc_count": 238
  },
  {
    "key": "35kV永清变电站",
    "doc_count": 238
  },
  {
    "key": "35kV贯山变电站",
    "doc_count": 238
  },
  {
    "key": "110kV高水变电站",
    "doc_count": 235
  },
  {
    "key": "35kV长石变电站",
    "doc_count": 235
  },
  {
    "key": "35kV东区变电站",
    "doc_count": 234
  },
  {
    "key": "35kV思依变电站",
    "doc_count": 233
  },
  {
    "key": "35kV隘口变电站",
    "doc_count": 232
  },
  {
    "key": "35kV流沙坡变电站",
    "doc_count": 231
  },
  {
    "key": "35KV明月变电站",
    "doc_count": 229
  },
  {
    "key": "110kV舞凤变电站",
    "doc_count": 227
  },
  {
    "key": "110kV西溪变电站",
    "doc_count": 227
  },
  {
    "key": "110kV辕门坝变电站",
    "doc_count": 226
  },
  {
    "key": "110kV邓关变电站",
    "doc_count": 226
  },
  {
    "key": "35kV双沙变电站",
    "doc_count": 226
  },
  {
    "key": "35kV白衣变电站",
    "doc_count": 226
  },
  {
    "key": "35kV中和变电站",
    "doc_count": 225
  },
  {
    "key": "110KV东山变电站",
    "doc_count": 223
  },
  {
    "key": "110kV平家变电站",
    "doc_count": 219
  },
  {
    "key": "220kV樊江关变电站",
    "doc_count": 219
  },
  {
    "key": "220kV洪江变电站",
    "doc_count": 218
  },
  {
    "key": "110kV九支变电站",
    "doc_count": 216
  },
  {
    "key": "110kV邓家桥变电站",
    "doc_count": 216
  },
  {
    "key": "35kV柳林变电站",
    "doc_count": 216
  },
  {
    "key": "35kV迎水变电站",
    "doc_count": 216
  },
  {
    "key": "110kV农科变电站",
    "doc_count": 215
  },
  {
    "key": "35kV茶坝变电站",
    "doc_count": 215
  },
  {
    "key": "110kV宏仁变电站",
    "doc_count": 214
  },
  {
    "key": "35kV天峨变电站",
    "doc_count": 214
  },
  {
    "key": "110kV五星变电站",
    "doc_count": 212
  },
  {
    "key": "35kV明威变电站",
    "doc_count": 210
  },
  {
    "key": "35kV金垭变电站",
    "doc_count": 210
  },
  {
    "key": "110kV河东变电站",
    "doc_count": 209
  },
  {
    "key": "110kV东峰变电站",
    "doc_count": 208
  },
  {
    "key": "35kV青龙变电站",
    "doc_count": 205
  },
  {
    "key": "110kV宝林变电站",
    "doc_count": 204
  },
  {
    "key": "220kV合力变电站",
    "doc_count": 204
  },
  {
    "key": "110kV灵石变电站",
    "doc_count": 203
  },
  {
    "key": "110kV走马变电站",
    "doc_count": 201
  },
  {
    "key": "35kV油墙碥变电站",
    "doc_count": 193
  },
  {
    "key": "110kV罗荣变电站",
    "doc_count": 192
  },
  {
    "key": "110kV马角坝变电站",
    "doc_count": 191
  },
  {
    "key": "110kV高楼变电站",
    "doc_count": 191
  },
  {
    "key": "35kV军乐变电站",
    "doc_count": 191
  },
  {
    "key": "110kV松江变电站",
    "doc_count": 190
  },
  {
    "key": "110kV元渡变电站",
    "doc_count": 189
  },
  {
    "key": "35kV九尺变电站",
    "doc_count": 189
  },
  {
    "key": "35kV城关变电站",
    "doc_count": 187
  },
  {
    "key": "35kV大坪子变电站",
    "doc_count": 187
  },
  {
    "key": "110kV南城变电站",
    "doc_count": 186
  },
  {
    "key": "35kV横江变电站",
    "doc_count": 186
  },
  {
    "key": "35kV桥湾变电站",
    "doc_count": 184
  },
  {
    "key": "220kV马店河变电站",
    "doc_count": 183
  },
  {
    "key": "35kV多悦变电站",
    "doc_count": 183
  },
  {
    "key": "35kV平溪变电站",
    "doc_count": 182
  },
  {
    "key": "110kV梁坪变电站",
    "doc_count": 181
  },
  {
    "key": "35kV石板滩变电站",
    "doc_count": 179
  },
  {
    "key": "35kV天华变电站",
    "doc_count": 177
  },
  {
    "key": "35kV玉石变电站",
    "doc_count": 176
  },
  {
    "key": "35kV高板变电站",
    "doc_count": 173
  },
  {
    "key": "110kV花该变电站",
    "doc_count": 172
  },
  {
    "key": "35kV田家变电站",
    "doc_count": 170
  },
  {
    "key": "35kV老观变电站",
    "doc_count": 170
  },
  {
    "key": "110kV会昌变电站",
    "doc_count": 169
  },
  {
    "key": "35kV四面山变电站",
    "doc_count": 169
  },
  {
    "key": "35kV龙蟠变电站",
    "doc_count": 169
  },
  {
    "key": "110kV茜草坝变电站",
    "doc_count": 168
  },
  {
    "key": "35kV红莫变电站",
    "doc_count": 167
  },
  {
    "key": "35kV史家变电站",
    "doc_count": 166
  },
  {
    "key": "35kV桃花山变电站",
    "doc_count": 166
  },
  {
    "key": "35kV坛同变电站",
    "doc_count": 165
  },
  {
    "key": "35kV石羊变电站",
    "doc_count": 165
  },
  {
    "key": "35kV汪家变电站",
    "doc_count": 163
  },
  {
    "key": "35kV多营变电站",
    "doc_count": 160
  },
  {
    "key": "35kV洛带变电站",
    "doc_count": 160
  },
  {
    "key": "220kV犍为变电站",
    "doc_count": 159
  },
  {
    "key": "35KV蓬南变电站",
    "doc_count": 159
  },
  {
    "key": "35kV翠月湖变电站",
    "doc_count": 159
  },
  {
    "key": "500kV广都变电站",
    "doc_count": 159
  },
  {
    "key": "35kV陈家变电站",
    "doc_count": 158
  },
  {
    "key": "35kV煎茶变电站",
    "doc_count": 156
  },
  {
    "key": "35kV新店变电站",
    "doc_count": 155
  },
  {
    "key": "35KV大石变电站",
    "doc_count": 154
  },
  {
    "key": "35kV马踏变电站",
    "doc_count": 154
  },
  {
    "key": "35kV九岭变电站",
    "doc_count": 153
  },
  {
    "key": "35kV交泰变电站",
    "doc_count": 153
  },
  {
    "key": "35kV清风变电站",
    "doc_count": 152
  },
  {
    "key": "110kV劳动变电站",
    "doc_count": 150
  },
  {
    "key": "35kV红坭变电站",
    "doc_count": 149
  },
  {
    "key": "110kV城东变电站",
    "doc_count": 148
  },
  {
    "key": "35kV三郎变电站",
    "doc_count": 148
  },
  {
    "key": "35kV吴家变电站",
    "doc_count": 148
  },
  {
    "key": "110kV纹坪变电站",
    "doc_count": 146
  },
  {
    "key": "110kV黄家坝变电站",
    "doc_count": 146
  },
  {
    "key": "35kV罗龙变电站",
    "doc_count": 146
  },
  {
    "key": "110kV雎水变电站",
    "doc_count": 143
  },
  {
    "key": "35kV保胜变电站",
    "doc_count": 142
  },
  {
    "key": "35kV乐兴变电站",
    "doc_count": 140
  },
  {
    "key": "35KV太乙变电站",
    "doc_count": 138
  },
  {
    "key": "35kV城宁变电站",
    "doc_count": 138
  },
  {
    "key": "220kV新钒变电站",
    "doc_count": 136
  },
  {
    "key": "35kV大塘变电站",
    "doc_count": 135
  },
  {
    "key": "35kV溪口变电站",
    "doc_count": 134
  },
  {
    "key": "35kV柏垭变电站",
    "doc_count": 133
  },
  {
    "key": "110kV窑湾变电站",
    "doc_count": 132
  },
  {
    "key": "35kV肖公庙变电站",
    "doc_count": 132
  },
  {
    "key": "35kV赵镇变电站",
    "doc_count": 130
  },
  {
    "key": "35kV城北变电站",
    "doc_count": 129
  },
  {
    "key": "35kV二龙变电站",
    "doc_count": 127
  },
  {
    "key": "110kV土地坡变电站",
    "doc_count": 126
  },
  {
    "key": "35kV健康变电站",
    "doc_count": 126
  },
  {
    "key": "35kV宝林变电站",
    "doc_count": 126
  },
  {
    "key": "35kV唐公变电站",
    "doc_count": 125
  },
  {
    "key": "35kV总发变电站",
    "doc_count": 125
  },
  {
    "key": "35kV镇西变电站",
    "doc_count": 125
  },
  {
    "key": "35kV鹤鸣山变电站",
    "doc_count": 125
  },
  {
    "key": "35kV邱场变电站",
    "doc_count": 123
  },
  {
    "key": "220kV罗盘山变电站",
    "doc_count": 121
  },
  {
    "key": "35KV红旗桥变电站",
    "doc_count": 120
  },
  {
    "key": "35kV茅桥变电站",
    "doc_count": 120
  },
  {
    "key": "35kv隆盛变电站",
    "doc_count": 120
  },
  {
    "key": "35kV福兴变电站",
    "doc_count": 116
  },
  {
    "key": "35kV宗场变电站",
    "doc_count": 114
  },
  {
    "key": "35kV蔡场变电站",
    "doc_count": 114
  },
  {
    "key": "35KV城关变电站",
    "doc_count": 113
  },
  {
    "key": "35kV团结变电站",
    "doc_count": 112
  },
  {
    "key": "35kV梁永变电站",
    "doc_count": 112
  },
  {
    "key": "35kV氮肥厂变电站",
    "doc_count": 112
  },
  {
    "key": "35kV琅环变电站",
    "doc_count": 112
  },
  {
    "key": "110kV两河变电站",
    "doc_count": 111
  },
  {
    "key": "220kV福盛变电站",
    "doc_count": 110
  },
  {
    "key": "35kV五星变电站",
    "doc_count": 110
  },
  {
    "key": "35kV胡市变电站",
    "doc_count": 109
  },
  {
    "key": "35kV金江变电站",
    "doc_count": 109
  },
  {
    "key": "35kV棉竹变电站",
    "doc_count": 107
  },
  {
    "key": "35kV裕民变电站",
    "doc_count": 107
  },
  {
    "key": "35kV江渎变电站",
    "doc_count": 106
  },
  {
    "key": "220kV明月峡变电站",
    "doc_count": 105
  },
  {
    "key": "35kV广济变电站",
    "doc_count": 104
  },
  {
    "key": "35kV龚嘴变电站",
    "doc_count": 104
  },
  {
    "key": "35kV新桥变电站",
    "doc_count": 100
  },
  {
    "key": "35kV炳草岗变电站",
    "doc_count": 100
  },
  {
    "key": "35kV童家变电站",
    "doc_count": 100
  },
  {
    "key": "110kV合作变电站",
    "doc_count": 99
  },
  {
    "key": "35kV富溪变电站",
    "doc_count": 99
  },
  {
    "key": "35kV霖雨变电站",
    "doc_count": 99
  },
  {
    "key": "35kV龙池变电站",
    "doc_count": 99
  },
  {
    "key": "110kV马坪变电站",
    "doc_count": 97
  },
  {
    "key": "35kV悦来变电站",
    "doc_count": 97
  },
  {
    "key": "35kV新市变电站",
    "doc_count": 97
  },
  {
    "key": "110kV沙溪坝变电站",
    "doc_count": 96
  },
  {
    "key": "220kV美姑河变电站",
    "doc_count": 96
  },
  {
    "key": "35kV方家沟变电站",
    "doc_count": 96
  },
  {
    "key": "35kV联盟变电站",
    "doc_count": 96
  },
  {
    "key": "35kV坪河变电站",
    "doc_count": 95
  },
  {
    "key": "35kV川溪口变电站",
    "doc_count": 93
  },
  {
    "key": "35kV重华变电站",
    "doc_count": 92
  },
  {
    "key": "110kV三滩变电站",
    "doc_count": 91
  },
  {
    "key": "35kV新秀变电站",
    "doc_count": 91
  },
  {
    "key": "35kV车岭变电站",
    "doc_count": 90
  },
  {
    "key": "35kV元兴变电站",
    "doc_count": 89
  },
  {
    "key": "35kV雁门变电站",
    "doc_count": 89
  },
  {
    "key": "110kV仁宝变电站",
    "doc_count": 88
  },
  {
    "key": "35kV含增变电站",
    "doc_count": 88
  },
  {
    "key": "35kV蔡金变电站",
    "doc_count": 88
  },
  {
    "key": "35kV香林变电站",
    "doc_count": 88
  },
  {
    "key": "35KV石竹变电站",
    "doc_count": 84
  },
  {
    "key": "35kV椒园变电站",
    "doc_count": 83
  },
  {
    "key": "35kV小鱼洞变电站",
    "doc_count": 82
  },
  {
    "key": "35kV麻陇变电站",
    "doc_count": 82
  },
  {
    "key": "110kV晓坝变电站",
    "doc_count": 81
  },
  {
    "key": "35kV元坝变电站",
    "doc_count": 81
  },
  {
    "key": "35kV江南变电站",
    "doc_count": 80
  },
  {
    "key": "35kV龙门变电站",
    "doc_count": 80
  },
  {
    "key": "35kV大德变电站",
    "doc_count": 78
  },
  {
    "key": "35kV寿鹤变电站",
    "doc_count": 78
  },
  {
    "key": "110kV庐山变电站",
    "doc_count": 77
  },
  {
    "key": "35kV武连变电站",
    "doc_count": 76
  },
  {
    "key": "35KV天龙变电站",
    "doc_count": 75
  },
  {
    "key": "35kV马岭变电站",
    "doc_count": 74
  },
  {
    "key": "35kV中禾变电站",
    "doc_count": 73
  },
  {
    "key": "35kV石板变电站",
    "doc_count": 71
  },
  {
    "key": "110kV望江变电站",
    "doc_count": 69
  },
  {
    "key": "35kV年龙变电站",
    "doc_count": 69
  },
  {
    "key": "35kV鸣凤变电站",
    "doc_count": 67
  },
  {
    "key": "35kV团山变电站",
    "doc_count": 66
  },
  {
    "key": "35kV姚家变电站",
    "doc_count": 66
  },
  {
    "key": "35KV玲珑变电站",
    "doc_count": 64
  },
  {
    "key": "35kV古城变电站",
    "doc_count": 64
  },
  {
    "key": "35kV战旗变电站",
    "doc_count": 64
  },
  {
    "key": "35kV云顶变电站",
    "doc_count": 63
  },
  {
    "key": "35kV永东变电站",
    "doc_count": 62
  },
  {
    "key": "110kV南山变电站",
    "doc_count": 56
  },
  {
    "key": "35kV中坝变电站",
    "doc_count": 56
  },
  {
    "key": "35kV石湍变电站",
    "doc_count": 56
  },
  {
    "key": "35kV云龙变电站",
    "doc_count": 54
  },
  {
    "key": "35kV青霞变电站",
    "doc_count": 54
  },
  {
    "key": "35kV柳街变电站",
    "doc_count": 53
  },
  {
    "key": "35kV卢家坝变电站",
    "doc_count": 51
  },
  {
    "key": "35KV文井变电站",
    "doc_count": 50
  },
  {
    "key": "35kV丰裕变电站",
    "doc_count": 50
  },
  {
    "key": "35kV奉龙变电站",
    "doc_count": 49
  },
  {
    "key": "35kV金山变电站",
    "doc_count": 49
  },
  {
    "key": "35kV丹山变电站",
    "doc_count": 48
  },
  {
    "key": "35kV卷硐变电站",
    "doc_count": 48
  },
  {
    "key": "35kV谢家变电站",
    "doc_count": 48
  },
  {
    "key": "35kV龙兴变电站",
    "doc_count": 48
  },
  {
    "key": "110kV杨家河变电站",
    "doc_count": 47
  },
  {
    "key": "35kV河清变电站",
    "doc_count": 47
  },
  {
    "key": "35kV北斗变电站",
    "doc_count": 45
  },
  {
    "key": "35kV河口变电站",
    "doc_count": 45
  },
  {
    "key": "35KV金家变电站",
    "doc_count": 42
  },
  {
    "key": "35kV河西变电站",
    "doc_count": 42
  },
  {
    "key": "110kV大梁子变电站",
    "doc_count": 40
  },
  {
    "key": "35kV杨坡变电站",
    "doc_count": 40
  },
  {
    "key": "35kV黄丰变电站",
    "doc_count": 39
  },
  {
    "key": "35kV黄家变电站",
    "doc_count": 39
  },
  {
    "key": "35kV平梁变电站",
    "doc_count": 35
  },
  {
    "key": "110kV奔腾变电站",
    "doc_count": 34
  },
  {
    "key": "35kV良安变电站",
    "doc_count": 34
  },
  {
    "key": "35kV天桥变电站",
    "doc_count": 33
  },
  {
    "key": "35kV迎接变电站",
    "doc_count": 29
  },
  {
    "key": "35kV夏河变电站",
    "doc_count": 28
  },
  {
    "key": "35kV牟池变电站",
    "doc_count": 28
  },
  {
    "key": "35KV青岩变电站",
    "doc_count": 27
  },
  {
    "key": "110kV牟子变电站",
    "doc_count": 26
  },
  {
    "key": "110kV金家林变电站",
    "doc_count": 26
  },
  {
    "key": "35kV八一变电站",
    "doc_count": 26
  },
  {
    "key": "35kV皮窝变电站",
    "doc_count": 26
  },
  {
    "key": "35kV河边变电站",
    "doc_count": 25
  },
  {
    "key": "35KV蓼叶变电站",
    "doc_count": 24
  },
  {
    "key": "35kV杨坝变电站",
    "doc_count": 24
  },
  {
    "key": "35kV石牛变电站",
    "doc_count": 23
  },
  {
    "key": "110kV峨山变电站",
    "doc_count": 22
  },
  {
    "key": "35KV星火变电站",
    "doc_count": 22
  },
  {
    "key": "35KV天保变电站",
    "doc_count": 20
  },
  {
    "key": "35KV消水变电站",
    "doc_count": 19
  },
  {
    "key": "35kV潘家田变电站",
    "doc_count": 18
  },
  {
    "key": "35kV黑龙滩变电站",
    "doc_count": 18
  },
  {
    "key": "35kV彰加变电站",
    "doc_count": 17
  },
  {
    "key": "35kV五井变电站",
    "doc_count": 16
  },
  {
    "key": "35kV王村变电站",
    "doc_count": 10
  },
  {
    "key": "35kV大坡变电站",
    "doc_count": 8
  },
  {
    "key": "35kV开封变电站",
    "doc_count": 7
  },
  {
    "key": "35kV友爱变电站",
    "doc_count": 6
  },
  {
    "key": "35KV烈面变电站",
    "doc_count": 4
  },
  {
    "key": "35kV拉日马变电站",
    "doc_count": 4
  },
  {
    "key": "35kV东林变电站",
    "doc_count": 1
  },
  {
    "key": "35kV回澜变电站",
    "doc_count": 1
  },
  {
    "key": "35kV波密变电站",
    "doc_count": 1
  }
]